date,dep_unleaded_95,dep_unleaded_100,dep_diesel,dep_heating_diesel,dep_autogas
2018-12-15,1.348,1.432,1.171,0.92,0.615
2018-12-16,1.348,1.432,1.171,0.92,0.615
2018-12-17,1.348,1.432,1.171,0.92,0.615
2018-12-18,1.348,1.432,1.17,0.919,0.613
2018-12-19,1.34,1.424,1.162,0.91,0.608
2018-12-20,1.334,1.418,1.157,0.905,0.606
2018-12-21,1.324,1.407,1.147,0.894,0.602
2018-12-22,1.313,1.396,1.135,0.882,0.597
2018-12-23,1.313,1.396,1.135,0.882,0.597
2018-12-24,1.313,1.396,1.135,0.882,0.597
2018-12-25,1.313,1.395,1.134,0.882,0.597
2018-12-26,1.313,1.395,1.134,0.882,0.597
2018-12-27,1.313,1.395,1.134,0.882,0.597
2018-12-28,1.308,1.391,1.127,0.875,0.596
2018-12-29,1.3,1.383,1.115,0.862,0.592
2018-12-30,1.3,1.383,1.115,0.862,0.592
2018-12-31,1.3,1.383,1.115,0.862,0.592
2019-01-01,1.305,1.387,1.114,0.861,0.59
2019-01-02,1.305,1.387,1.114,0.861,0.59
2019-01-03,1.306,1.389,1.112,0.858,0.59
2019-01-04,1.309,1.392,1.113,0.859,0.591
2019-01-05,1.321,1.404,1.119,0.865,0.591
2019-01-06,1.321,1.404,1.119,0.865,0.591
2019-01-07,1.321,1.404,1.119,0.865,0.591
2019-01-08,1.327,1.41,1.131,0.877,0.592
2019-01-09,1.328,1.411,1.137,0.884,0.591
2019-01-10,1.335,1.418,1.147,0.895,0.594
2019-01-11,1.34,1.423,1.156,0.903,0.6
2019-01-12,1.344,1.427,1.16,0.907,0.606
2019-01-13,1.344,1.427,1.16,0.907,0.606
2019-01-14,1.344,1.427,1.16,0.907,0.606
2019-01-15,1.348,1.43,1.165,0.913,0.614
2019-01-16,1.348,1.431,1.166,0.913,0.617
2019-01-17,1.347,1.43,1.168,0.914,0.62
2019-01-18,1.347,1.43,1.17,0.914,0.621
2019-01-19,1.351,1.434,1.173,0.917,0.622
2019-01-20,1.351,1.434,1.173,0.917,0.622
2019-01-21,1.351,1.434,1.173,0.917,0.622
2019-01-22,1.354,1.438,1.178,0.922,0.624
2019-01-23,1.355,1.439,1.177,0.921,0.624
2019-01-24,1.355,1.439,1.179,0.923,0.623
2019-01-25,1.352,1.435,1.178,0.921,0.624
2019-01-26,1.35,1.434,1.176,0.921,0.626
2019-01-27,1.35,1.434,1.176,0.921,0.626
2019-01-28,1.35,1.434,1.176,0.921,0.626
2019-01-29,1.346,1.43,1.173,0.918,0.628
2019-01-30,1.346,1.429,1.173,0.918,0.632
2019-01-31,1.347,1.43,1.174,0.919,0.635
2019-02-01,1.345,1.429,1.176,0.921,0.638
2019-02-02,1.349,1.432,1.18,0.925,0.644
2019-02-03,1.349,1.432,1.18,0.925,0.644
2019-02-04,1.349,1.432,1.18,0.925,0.644
2019-02-05,1.352,1.435,1.182,0.926,0.649
2019-02-06,1.352,1.435,1.183,0.926,0.652
2019-02-07,1.355,1.439,1.184,0.926,0.653
2019-02-08,1.356,1.44,1.186,0.927,0.654
2019-02-09,1.358,1.442,1.188,0.928,0.655
2019-02-10,1.358,1.442,1.188,0.928,0.655
2019-02-11,1.358,1.442,1.188,0.928,0.655
2019-02-12,1.36,1.444,1.189,0.929,0.655
2019-02-14,1.37,1.454,1.195,0.935,0.657
2019-02-15,1.375,1.459,1.199,0.94,0.66
2019-02-16,1.384,1.469,1.208,0.95,0.666
2019-02-17,1.384,1.469,1.208,0.95,0.666
2019-02-18,1.384,1.469,1.208,0.95,0.666
2019-02-19,1.391,1.476,1.216,0.958,0.672
2019-02-20,1.397,1.482,1.22,0.962,0.678
2019-02-21,1.404,1.489,1.224,0.966,0.683
2019-02-22,1.408,1.493,1.223,0.965,0.685
2019-02-23,1.413,1.498,1.225,0.965,0.687
2019-02-24,1.413,1.498,1.225,0.965,0.687
2019-02-25,1.413,1.498,1.225,0.965,0.687
2019-02-26,1.413,1.498,1.223,0.964,0.686
2019-02-27,1.412,1.497,1.223,0.963,0.682
2019-02-28,1.411,1.495,1.223,0.963,0.677
2019-03-01,1.408,1.492,1.222,0.961,0.672
2019-03-02,1.41,1.494,1.224,0.961,0.67
2019-03-03,1.41,1.494,1.224,0.961,0.67
2019-03-04,1.41,1.494,1.224,0.961,0.67
2019-03-05,1.413,1.498,1.225,0.962,0.67
2019-03-06,1.416,1.501,1.224,0.96,0.672
2019-03-07,1.419,1.504,1.224,0.959,0.68
2019-03-08,1.425,1.51,1.226,0.961,0.688
2019-03-09,1.425,1.51,1.223,0.957,0.693
2019-03-10,1.425,1.51,1.223,0.957,0.693
2019-03-11,1.425,1.51,1.223,0.957,0.693
2019-03-12,1.429,1.515,1.221,0.956,0.697
2019-03-13,1.433,1.518,1.219,0.954,0.697
2019-03-14,1.435,1.521,1.217,0.952,0.697
2019-03-15,1.442,1.528,1.217,0.953,0.699
2019-03-16,1.442,1.527,1.215,0.951,0.7
2019-03-17,1.442,1.527,1.215,0.951,0.7
2019-03-18,1.442,1.527,1.215,0.951,0.7
2019-03-19,1.444,1.529,1.213,0.949,0.701
2019-03-20,1.444,1.529,1.212,0.948,0.701
2019-03-21,1.446,1.532,1.213,0.95,0.7
2019-03-22,1.452,1.537,1.213,0.95,0.699
2019-03-23,1.456,1.541,1.212,0.949,0.696
2019-03-24,1.456,1.541,1.212,0.949,0.696
2019-03-25,1.456,1.541,1.212,0.949,0.696
2019-03-26,1.461,1.546,1.212,0.949,0.693
2019-03-27,1.465,1.551,1.21,0.948,0.689
2019-03-28,1.468,1.553,1.212,0.949,0.685
2019-03-29,1.468,1.554,1.214,0.951,0.68
2019-03-30,1.472,1.558,1.215,0.953,0.675
2019-03-31,1.472,1.558,1.215,0.953,0.675
2019-04-01,1.473,1.559,1.215,0.953,0.675
2019-04-02,1.475,1.561,1.216,0.954,0.671
2019-04-03,1.48,1.566,1.218,0.957,0.668
2019-04-04,1.486,1.572,1.22,0.96,0.664
2019-04-05,1.49,1.576,1.223,0.963,0.66
2019-04-06,1.493,1.58,1.225,0.965,0.658
2019-04-07,1.493,1.58,1.225,0.965,0.658
2019-04-08,1.493,1.58,1.225,0.965,0.658
2019-04-09,1.497,1.583,1.227,0.968,0.655
2019-04-10,1.499,1.586,1.23,0.971,0.656
2019-04-11,1.504,1.591,1.232,0.973,0.659
2019-04-12,1.509,1.596,1.235,0.976,0.662
2019-04-13,1.513,1.599,1.235,0.976,0.664
2019-04-14,1.513,1.599,1.235,0.976,0.664
2019-04-15,1.513,1.599,1.235,0.976,0.664
2019-04-16,1.513,1.6,1.236,0.977,0.664
2019-04-17,1.51,1.596,1.237,0.978,0.662
2019-04-18,1.508,1.594,1.238,0.979,0.658
2019-04-19,1.507,1.593,1.24,0.981,0.653
2019-04-20,1.507,1.593,1.24,0.981,0.653
2019-04-21,1.507,1.593,1.24,0.981,0.653
2019-04-22,1.507,1.593,1.24,0.981,0.653
2019-04-23,1.507,1.593,1.24,0.981,0.653
2019-04-24,1.513,1.599,1.245,0.987,0.653
2019-04-25,1.518,1.605,1.249,0.991,0.653
2019-04-26,1.524,1.611,1.254,0.996,0.656
2019-04-27,1.525,1.612,1.252,0.994,0.659
2019-04-28,1.525,1.612,1.252,0.994,0.659
2019-04-29,1.525,1.612,1.252,0.994,0.659
2019-04-30,1.521,1.608,1.249,0.99,0.657
2019-05-01,1.519,1.606,1.248,1.149,0.654
2019-05-02,1.515,1.602,1.246,1.146,0.65
2019-05-03,1.511,1.598,1.248,1.147,0.646
2019-05-04,1.509,1.596,1.252,1.151,0.645
2019-05-05,1.509,1.596,1.252,1.151,0.645
2019-05-06,1.509,1.596,1.252,1.151,0.645
2019-05-07,1.508,1.595,1.251,1.15,0.645
2019-05-08,1.5,1.587,1.25,1.149,0.643
2019-05-09,1.492,1.579,1.25,1.148,0.642
2019-05-10,1.487,1.574,1.248,1.147,0.643
2019-05-11,1.484,1.57,1.245,1.145,0.643
2019-05-12,1.484,1.57,1.245,1.145,0.643
2019-05-13,1.484,1.57,1.245,1.145,0.643
2019-05-14,1.485,1.572,1.246,1.146,0.644
2019-05-15,1.486,1.573,1.245,1.145,0.645
2019-05-16,1.491,1.577,1.25,1.149,0.647
2019-05-17,1.497,1.583,1.257,1.154,0.648
2019-05-18,1.503,1.59,1.262,1.158,0.649
2019-05-19,1.503,1.59,1.262,1.158,0.649
2019-05-20,1.503,1.59,1.262,1.158,0.649
2019-05-21,1.512,1.599,1.267,1.162,0.649
2019-05-22,1.516,1.604,1.266,1.162,0.646
2019-05-23,1.515,1.602,1.258,1.156,0.641
2019-05-24,1.506,1.594,1.247,1.146,0.633
2019-05-25,1.497,1.584,1.235,1.137,0.626
2019-05-26,1.497,1.584,1.235,1.137,0.626
2019-05-27,1.497,1.584,1.235,1.137,0.626
2019-05-28,1.497,1.584,1.235,1.136,0.626
2019-05-29,1.492,1.579,1.228,1.131,0.624
2019-05-30,1.485,1.572,1.222,1.125,0.622
2019-05-31,1.486,1.573,1.22,1.124,0.622
2019-06-01,1.477,1.564,1.214,1.118,0.621
2019-06-02,1.477,1.564,1.214,1.118,0.621
2019-06-03,1.477,1.564,1.214,1.118,0.621
2019-06-04,1.46,1.546,1.201,1.105,0.613
2019-06-05,1.445,1.531,1.189,1.094,0.606
2019-06-06,1.428,1.514,1.174,1.079,0.597
2019-06-07,1.42,1.506,1.164,1.069,0.59
2019-06-08,1.42,1.506,1.162,1.067,0.589
2019-06-09,1.42,1.506,1.162,1.067,0.589
2019-06-10,1.42,1.506,1.162,1.067,0.589
2019-06-11,1.422,1.507,1.161,1.065,0.589
2019-06-12,1.427,1.513,1.164,1.068,0.591
2019-06-13,1.43,1.515,1.166,1.07,0.591
2019-06-14,1.431,1.516,1.166,1.07,0.591
2019-06-15,1.43,1.516,1.167,1.071,0.59
2019-06-16,1.43,1.516,1.167,1.071,0.59
2019-06-17,1.43,1.516,1.167,1.071,0.59
2019-06-18,1.428,1.513,1.167,1.071,0.591
2019-06-19,1.429,1.514,1.171,1.075,0.595
2019-06-20,1.427,1.513,1.172,1.076,0.598
2019-06-21,1.428,1.514,1.176,1.08,0.601
2019-06-22,1.434,1.52,1.182,1.087,0.606
2019-06-23,1.434,1.52,1.182,1.087,0.606
2019-06-24,1.434,1.52,1.182,1.087,0.606
2019-06-25,1.436,1.521,1.183,1.089,0.608
2019-06-26,1.442,1.527,1.188,1.095,0.61
2019-06-27,1.45,1.535,1.192,1.099,0.612
2019-06-28,1.453,1.539,1.194,1.101,0.612
2019-06-29,1.46,1.545,1.197,1.105,0.615
2019-06-30,1.46,1.545,1.197,1.105,0.615
2019-07-01,1.46,1.545,1.197,1.104,0.614
2019-07-02,1.463,1.548,1.198,1.105,0.613
2019-07-03,1.46,1.545,1.193,1.101,0.608
2019-07-04,1.459,1.544,1.19,1.097,0.606
2019-07-05,1.46,1.545,1.186,1.093,0.605
2019-07-06,1.463,1.549,1.185,1.091,0.608
2019-07-07,1.463,1.549,1.185,1.091,0.608
2019-07-08,1.463,1.549,1.184,1.091,0.607
2019-07-09,1.47,1.556,1.186,1.092,0.612
2019-07-10,1.475,1.562,1.189,1.095,0.615
2019-07-11,1.483,1.57,1.195,1.102,0.619
2019-07-12,1.491,1.578,1.202,1.11,0.622
2019-07-13,1.497,1.584,1.207,1.116,0.623
2019-07-14,1.497,1.584,1.207,1.116,0.623
2019-07-15,1.497,1.584,1.207,1.116,0.623
2019-07-16,1.499,1.586,1.212,1.121,0.624
2019-07-17,1.498,1.584,1.212,1.122,0.62
2019-07-18,1.489,1.576,1.207,1.117,0.62
2019-07-19,1.477,1.564,1.199,1.109,0.615
2019-07-20,1.47,1.556,1.194,1.103,0.608
2019-07-21,1.47,1.556,1.194,1.103,0.608
2019-07-22,1.47,1.556,1.194,1.103,0.608
2019-07-23,1.464,1.55,1.191,1.1,0.603
2019-07-24,1.463,1.549,1.192,1.101,0.595
2019-07-25,1.468,1.554,1.198,1.108,0.592
2019-07-26,1.472,1.559,1.202,1.112,0.592
2019-07-27,1.474,1.561,1.203,1.113,0.59
2019-07-30,1.476,1.563,1.204,1.114,0.588
2019-07-31,1.474,1.561,1.203,1.115,0.585
2019-08-01,1.477,1.564,1.206,1.117,0.581
2019-08-02,1.476,1.563,1.208,1.119,0.575
2019-08-03,1.471,1.558,1.206,1.117,0.565
2019-08-04,1.471,1.558,1.206,1.117,0.565
2019-08-05,1.471,1.558,1.206,1.117,0.565
2019-08-06,1.462,1.549,1.199,1.109,0.553
2019-08-07,1.448,1.535,1.189,1.098,0.545
2019-08-08,1.432,1.518,1.174,1.083,0.537
2019-08-09,1.42,1.506,1.164,1.074,0.537
2019-08-10,1.416,1.502,1.161,1.072,0.539
2019-08-11,1.416,1.502,1.161,1.072,0.539
2019-08-12,1.416,1.502,1.161,1.072,0.539
2019-08-13,1.414,1.5,1.16,1.071,0.54
2019-08-14,1.424,1.509,1.17,1.081,0.545
2019-08-15,1.424,1.509,1.174,1.086,0.546
2019-08-16,1.421,1.507,1.176,1.087,0.545
2019-08-17,1.419,1.505,1.178,1.089,0.544
2019-08-18,1.419,1.505,1.178,1.089,0.544
2019-08-19,1.419,1.505,1.178,1.089,0.544
2019-08-20,1.412,1.499,1.176,1.087,0.543
2019-08-21,1.413,1.499,1.178,1.089,0.54
2019-08-22,1.416,1.503,1.182,1.092,0.54
2019-08-23,1.419,1.506,1.184,1.093,0.539
2019-08-24,1.422,1.509,1.183,1.092,0.538
2019-08-25,1.422,1.509,1.183,1.092,0.538
2019-08-26,1.422,1.509,1.183,1.092,0.538
2019-08-27,1.421,1.508,1.183,1.091,0.538
2019-08-28,1.424,1.51,1.181,1.088,0.538
2019-08-29,1.427,1.514,1.18,1.089,0.54
2019-08-30,1.43,1.516,1.182,1.091,0.542
2019-08-31,1.431,1.517,1.185,1.094,0.549
2019-09-01,1.431,1.517,1.185,1.094,0.549
2019-09-02,1.431,1.517,1.185,1.094,0.549
2019-09-03,1.427,1.514,1.187,1.097,0.556
2019-09-04,1.423,1.51,1.184,1.094,0.56
2019-09-05,1.418,1.506,1.185,1.096,0.566
2019-09-06,1.421,1.508,1.19,1.101,0.57
2019-09-07,1.421,1.509,1.194,1.106,0.572
2019-09-08,1.421,1.509,1.194,1.106,0.572
2019-09-09,1.421,1.509,1.194,1.106,0.572
2019-09-10,1.428,1.515,1.203,1.114,0.576
2019-09-11,1.433,1.521,1.21,1.121,0.578
2019-09-12,1.435,1.522,1.211,1.122,0.578
2019-09-13,1.436,1.524,1.213,1.123,0.577
2019-09-14,1.435,1.522,1.208,1.118,0.573
2019-09-15,1.435,1.522,1.208,1.118,0.573
2019-09-16,1.435,1.522,1.208,1.118,0.573
2019-09-17,1.447,1.534,1.216,1.126,0.578
2019-09-18,1.458,1.545,1.223,1.131,0.584
2019-09-19,1.469,1.556,1.23,1.136,0.589
2019-09-20,1.48,1.568,1.239,1.144,0.598
2019-09-21,1.478,1.566,1.234,1.138,0.598
2019-09-22,1.478,1.566,1.234,1.138,0.598
2019-09-23,1.478,1.566,1.234,1.138,0.598
2019-09-24,1.476,1.564,1.233,1.135,0.598
2019-09-25,1.474,1.562,1.232,1.135,0.6
2019-09-26,1.467,1.555,1.228,1.131,0.599
2019-09-27,1.46,1.548,1.223,1.127,0.601
2019-09-28,1.456,1.544,1.221,1.125,0.604
2019-09-29,1.456,1.544,1.221,1.125,0.604
2019-09-30,1.456,1.544,1.221,1.125,0.604
2019-10-01,1.453,1.541,1.218,1.123,0.608
2019-10-02,1.454,1.543,1.217,1.122,0.614
2019-10-03,1.451,1.539,1.212,1.116,0.616
2019-10-04,1.446,1.534,1.203,1.106,0.615
2019-10-05,1.445,1.533,1.199,1.102,0.616
2019-10-06,1.445,1.533,1.199,1.102,0.616
2019-10-07,1.445,1.533,1.199,1.102,0.616
2019-10-08,1.443,1.531,1.198,1.099,0.617
2019-10-09,1.442,1.53,1.198,1.099,0.621
2019-10-10,1.441,1.528,1.204,1.103,0.63
2019-10-11,1.435,1.523,1.204,1.103,0.637
2019-10-12,1.432,1.519,1.207,1.104,0.647
2019-10-13,1.432,1.519,1.207,1.104,0.647
2019-10-14,1.432,1.519,1.207,1.104,0.647
2019-10-15,1.427,1.514,1.208,0.943,0.653
2019-10-16,1.423,1.51,1.207,0.943,0.652
2019-10-17,1.421,1.509,1.209,0.946,0.652
2019-10-18,1.417,1.504,1.205,0.943,0.646
2019-10-19,1.418,1.505,1.206,0.945,0.647
2019-10-20,1.418,1.505,1.206,0.945,0.647
2019-10-21,1.418,1.505,1.206,0.945,0.647
2019-10-22,1.415,1.501,1.203,0.943,0.65
2019-10-23,1.415,1.501,1.203,0.943,0.656
2019-10-24,1.417,1.503,1.205,0.945,0.662
2019-10-25,1.422,1.508,1.208,0.947,0.664
2019-10-26,1.429,1.516,1.213,0.95,0.665
2019-10-27,1.429,1.516,1.213,0.95,0.665
2019-10-28,1.429,1.516,1.213,0.95,0.665
2019-10-29,1.435,1.521,1.213,0.949,0.664
2019-10-30,1.44,1.527,1.214,0.949,0.664
2019-10-31,1.44,1.527,1.21,0.946,0.662
2019-11-01,1.436,1.523,1.202,0.938,0.66
2019-11-02,1.436,1.522,1.199,0.934,0.66
2019-11-03,1.436,1.522,1.199,0.934,0.66
2019-11-04,1.436,1.522,1.199,0.934,0.66
2019-11-05,1.438,1.524,1.199,0.934,0.661
2019-11-06,1.442,1.529,1.201,0.936,0.661
2019-11-07,1.449,1.536,1.206,0.943,0.662
2019-11-08,1.451,1.538,1.207,0.946,0.663
2019-11-09,1.45,1.537,1.204,0.944,0.662
2019-11-10,1.45,1.537,1.204,0.944,0.662
2019-11-11,1.45,1.537,1.204,0.944,0.662
2019-11-12,1.446,1.533,1.203,0.944,0.663
2019-11-13,1.444,1.531,1.201,0.944,0.666
2019-11-14,1.444,1.531,1.201,0.944,0.668
2019-11-15,1.443,1.53,1.203,0.948,0.671
2019-11-16,1.446,1.533,1.204,0.95,0.673
2019-11-17,1.446,1.533,1.204,0.95,0.673
2019-11-18,1.446,1.533,1.204,0.95,0.673
2019-11-19,1.444,1.532,1.203,0.949,0.672
2019-11-20,1.442,1.529,1.2,0.947,0.671
2019-11-21,1.444,1.531,1.197,0.944,0.671
2019-11-22,1.448,1.535,1.194,0.941,0.672
2019-11-23,1.455,1.543,1.197,0.944,0.674
2019-11-24,1.455,1.543,1.197,0.944,0.674
2019-11-25,1.455,1.543,1.197,0.944,0.674
2019-11-26,1.462,1.549,1.203,0.95,0.675
2019-11-27,1.464,1.552,1.208,0.955,0.676
2019-11-28,1.463,1.55,1.213,0.959,0.676
2019-11-29,1.462,1.549,1.216,0.961,0.679
2019-11-30,1.454,1.542,1.214,0.959,0.679
2019-12-01,1.454,1.542,1.214,0.959,0.679
2019-12-02,1.454,1.542,1.214,0.959,0.679
2019-12-03,1.445,1.532,1.21,0.954,0.676
2019-12-04,1.435,1.523,1.203,0.948,0.67
2019-12-05,1.428,1.515,1.199,0.945,0.667
2019-12-06,1.428,1.515,1.2,0.946,0.667
2019-12-07,1.429,1.516,1.202,0.947,0.668
2019-12-08,1.429,1.516,1.202,0.947,0.668
2019-12-09,1.429,1.516,1.202,0.947,0.668
2019-12-10,1.432,1.519,1.206,0.95,0.672
2019-12-11,1.434,1.52,1.208,0.953,0.671
2019-12-12,1.432,1.518,1.207,0.952,0.666
2019-12-13,1.431,1.518,1.206,0.951,0.661
2019-12-14,1.431,1.517,1.206,0.952,0.655
2019-12-15,1.431,1.517,1.206,0.952,0.655
2019-12-16,1.431,1.517,1.206,0.952,0.655
2019-12-17,1.432,1.518,1.208,0.955,0.651
2019-12-18,1.436,1.523,1.215,0.962,0.649
2019-12-19,1.44,1.526,1.221,0.968,0.651
2019-12-20,1.444,1.531,1.226,0.974,0.655
2019-12-21,1.446,1.533,1.229,0.977,0.658
2019-12-22,1.446,1.533,1.229,0.977,0.658
2019-12-23,1.446,1.533,1.229,0.977,0.658
2019-12-24,1.449,1.536,1.231,0.979,0.663
2019-12-25,1.452,1.539,1.233,0.98,0.669
2019-12-26,1.452,1.539,1.233,0.98,0.669
2019-12-27,1.452,1.539,1.233,0.98,0.669
2019-12-28,1.455,1.542,1.235,0.982,0.676
2019-12-29,1.455,1.542,1.235,0.982,0.676
2019-12-30,1.455,1.542,1.235,0.982,0.676
2019-12-31,1.455,1.542,1.236,0.982,0.684
2020-01-01,1.486,1.573,1.234,0.98,0.691
2020-01-02,1.486,1.573,1.234,0.98,0.691
2020-01-03,1.485,1.572,1.232,0.979,0.695
2020-01-04,1.486,1.572,1.232,0.978,0.699
2020-01-05,1.486,1.572,1.232,0.978,0.699
2020-01-06,1.486,1.572,1.232,0.978,0.699
2020-01-07,1.489,1.576,1.231,0.978,0.7
2020-01-08,1.492,1.579,1.232,0.979,0.701
2020-01-09,1.489,1.577,1.231,0.978,0.699
2020-01-10,1.483,1.57,1.225,0.972,0.694
2020-01-11,1.478,1.565,1.22,0.966,0.691
2020-01-12,1.478,1.565,1.22,0.966,0.691
2020-01-13,1.478,1.565,1.22,0.966,0.691
2020-01-14,1.474,1.561,1.211,0.957,0.689
2020-01-15,1.476,1.563,1.204,0.95,0.69
2020-01-16,1.477,1.564,1.199,0.945,0.691
2020-01-17,1.477,1.564,1.193,0.939,0.691
2020-01-18,1.478,1.565,1.191,0.937,0.69
2020-01-19,1.478,1.565,1.191,0.937,0.69
2020-01-20,1.478,1.565,1.191,0.937,0.69
2020-01-21,1.477,1.564,1.191,0.937,0.69
2020-01-22,1.477,1.565,1.19,0.936,0.689
2020-01-23,1.475,1.562,1.185,0.932,0.685
2020-01-24,1.47,1.558,1.18,0.927,0.68
2020-01-25,1.463,1.55,1.171,0.918,0.677
2020-01-26,1.463,1.55,1.171,0.918,0.677
2020-01-27,1.463,1.55,1.171,0.918,0.677
2020-01-28,1.451,1.538,1.159,0.905,0.673
2020-01-29,1.447,1.534,1.153,0.899,0.678
2020-01-30,1.445,1.533,1.149,0.895,0.687
2020-01-31,1.443,1.531,1.143,0.889,0.691
2020-02-01,1.445,1.533,1.14,0.885,0.695
2020-02-02,1.445,1.533,1.14,0.885,0.695
2020-02-03,1.445,1.533,1.14,0.885,0.695
2020-02-04,1.441,1.528,1.13,0.874,0.691
2020-02-05,1.434,1.522,1.122,0.865,0.685
2020-02-06,1.434,1.521,1.121,0.864,0.681
2020-02-07,1.432,1.519,1.124,0.866,0.68
2020-02-08,1.434,1.522,1.131,0.873,0.681
2020-02-09,1.434,1.522,1.131,0.873,0.681
2020-02-10,1.434,1.522,1.131,0.873,0.681
2020-02-11,1.435,1.523,1.132,0.874,0.681
2020-02-12,1.433,1.521,1.131,0.872,0.686
2020-02-13,1.437,1.525,1.133,0.873,0.693
2020-02-14,1.44,1.529,1.136,0.876,0.701
2020-02-15,1.446,1.534,1.143,0.882,0.709
2020-02-16,1.446,1.534,1.143,0.882,0.709
2020-02-17,1.446,1.534,1.143,0.882,0.709
2020-02-18,1.451,1.54,1.147,0.887,0.712
2020-02-19,1.453,1.542,1.148,0.888,0.712
2020-02-20,1.456,1.546,1.149,0.892,0.714
2020-02-21,1.461,1.55,1.151,0.895,0.718
2020-02-22,1.462,1.551,1.151,0.896,0.719
2020-02-23,1.462,1.551,1.151,0.896,0.719
2020-02-24,1.462,1.551,1.151,0.896,0.719
2020-02-25,1.458,1.547,1.145,0.891,0.717
2020-02-26,1.449,1.538,1.136,0.882,0.71
2020-02-27,1.434,1.523,1.122,0.868,0.7
2020-02-28,1.414,1.502,1.104,0.85,0.688
2020-02-29,1.395,1.483,1.091,0.837,0.677
2020-03-01,1.395,1.483,1.091,0.837,0.677
2020-03-02,1.395,1.483,1.091,0.837,0.677
2020-03-03,1.379,1.466,1.08,0.826,0.669
2020-03-04,1.37,1.456,1.076,0.821,0.665
2020-03-05,1.37,1.456,1.079,0.824,0.664
2020-03-06,1.373,1.458,1.08,0.825,0.663
2020-03-07,1.362,1.447,1.068,0.813,0.651
2020-03-08,1.362,1.447,1.068,0.813,0.651
2020-03-09,1.362,1.447,1.068,0.813,0.651
2020-03-10,1.335,1.419,1.04,0.786,0.626
2020-03-11,1.308,1.392,1.015,0.761,0.604
2020-03-12,1.28,1.363,0.993,0.741,0.582
2020-03-13,1.246,1.329,0.976,0.724,0.562
2020-03-14,1.231,1.314,0.974,0.722,0.556
2020-03-15,1.231,1.314,0.974,0.722,0.556
2020-03-16,1.231,1.314,0.974,0.722,0.556
2020-03-17,1.205,1.288,0.961,0.709,0.542
2020-03-18,1.18,1.264,0.946,0.694,0.53
2020-03-19,1.168,1.252,0.932,0.679,0.519
2020-03-20,1.154,1.238,0.921,0.667,0.507
2020-03-21,1.153,1.237,0.92,0.666,0.503
2020-03-22,1.153,1.237,0.92,0.666,0.503
2020-03-23,1.153,1.237,0.92,0.666,0.503
2020-03-24,1.14,1.225,0.917,0.662,0.49
2020-03-25,1.136,1.221,0.924,0.668,0.487
2020-03-26,1.132,1.217,0.928,0.672,0.485
2020-03-27,1.128,1.213,0.928,0.671,0.482
2020-03-28,1.132,1.217,0.931,0.674,0.485
2020-03-29,1.132,1.217,0.931,0.674,0.485
2020-03-30,1.132,1.217,0.931,0.674,0.485
2020-03-31,1.129,1.213,0.925,0.668,0.481
2020-04-01,1.126,1.209,0.919,0.662,0.478
2020-04-02,1.116,1.2,0.91,0.654,0.47
2020-04-03,1.115,1.199,0.901,0.643,0.468
2020-04-04,1.126,1.21,0.906,0.645,0.479
2020-04-05,1.126,1.21,0.906,0.645,0.479
2020-04-06,1.126,1.21,0.906,0.645,0.479
2020-04-07,1.131,1.216,0.908,0.643,0.487
2020-04-08,1.141,1.226,0.916,0.646,0.5
2020-04-09,1.14,1.224,0.919,0.649,0.509
2020-04-10,1.132,1.217,0.913,0.641,0.506
2020-04-11,1.132,1.217,0.913,0.641,0.506
2020-04-12,1.132,1.217,0.913,0.641,0.506
2020-04-13,1.132,1.217,0.913,0.641,0.506
2020-04-14,1.132,1.217,0.913,0.641,0.506
2020-04-15,1.128,1.212,0.902,0.629,0.506
2020-04-16,1.126,1.21,0.888,0.611,0.504
2020-04-17,1.131,1.215,0.88,0.598,0.506
2020-04-18,1.134,1.218,0.876,0.589,0.51
2020-04-19,1.134,1.218,0.876,0.589,0.51
2020-04-20,1.134,1.218,0.876,0.589,0.51
2020-04-21,1.133,1.217,0.872,0.586,0.512
2020-04-22,1.12,1.205,0.862,0.579,0.505
2020-04-23,1.111,1.196,0.846,0.569,0.501
2020-04-24,1.108,1.193,0.834,0.563,0.497
2020-04-25,1.105,1.189,0.822,0.554,0.49
2020-04-26,1.105,1.189,0.822,0.554,0.49
2020-04-27,1.105,1.189,0.822,0.554,0.49
2020-04-28,1.111,1.195,0.819,0.554,0.49
2020-04-29,1.11,1.194,0.818,0.554,0.486
2020-04-30,1.111,1.196,0.816,0.555,0.482
2020-05-01,1.118,1.203,0.827,0.566,0.486
2020-05-02,1.126,1.211,0.835,0.575,0.49
2020-05-03,1.126,1.211,0.835,0.575,0.49
2020-05-04,1.126,1.211,0.835,0.575,0.49
2020-05-05,1.137,1.221,0.842,0.581,0.495
2020-05-06,1.147,1.232,0.854,0.589,0.503
2020-05-07,1.153,1.238,0.856,0.587,0.508
2020-05-08,1.166,1.251,0.866,0.593,0.522
2020-05-09,1.166,1.252,0.866,0.593,0.522
2020-05-10,1.166,1.252,0.866,0.593,0.522
2020-05-11,1.166,1.252,0.866,0.593,0.522
2020-05-12,1.176,1.261,0.875,0.601,0.532
2020-05-13,1.174,1.259,0.874,0.599,0.531
2020-05-14,1.172,1.257,0.875,0.6,0.53
2020-05-15,1.169,1.254,0.877,0.603,0.521
2020-05-16,1.172,1.257,0.882,0.609,0.515
2020-05-17,1.172,1.257,0.882,0.609,0.515
2020-05-18,1.172,1.257,0.882,0.609,0.515
2020-05-19,1.186,1.272,0.897,0.626,0.522
2020-05-20,1.201,1.287,0.909,0.639,0.529
2020-05-21,1.215,1.3,0.918,0.648,0.539
2020-05-22,1.223,1.308,0.923,0.654,0.55
2020-05-23,1.223,1.308,0.918,0.651,0.549
2020-05-24,1.223,1.308,0.918,0.651,0.549
2020-05-25,1.223,1.308,0.918,0.651,0.549
2020-05-26,1.223,1.308,0.918,0.651,0.549
2020-05-27,1.226,1.311,0.92,0.654,0.552
2020-05-28,1.223,1.308,0.918,0.656,0.55
2020-05-29,1.218,1.303,0.914,0.654,0.546
2020-05-30,1.216,1.3,0.913,0.655,0.545
2020-05-31,1.216,1.3,0.913,0.655,0.545
2020-06-01,1.216,1.3,0.913,0.817,0.545
2020-06-02,1.214,1.298,0.913,0.817,0.546
2020-06-03,1.219,1.303,0.919,0.823,0.552
2020-06-04,1.226,1.309,0.925,0.828,0.558
2020-06-05,1.233,1.316,0.929,0.832,0.564
2020-06-06,1.243,1.326,0.937,0.841,0.57
2020-06-07,1.243,1.326,0.937,0.841,0.57
2020-06-08,1.243,1.326,0.937,0.841,0.57
2020-06-09,1.25,1.333,0.941,0.845,0.572
2020-06-10,1.256,1.339,0.946,0.85,0.572
2020-06-11,1.262,1.345,0.953,0.858,0.572
2020-06-12,1.258,1.341,0.949,0.854,0.567
2020-06-13,1.255,1.338,0.946,0.852,0.565
2020-06-14,1.255,1.338,0.946,0.852,0.565
2020-06-15,1.255,1.338,0.946,0.852,0.565
2020-06-16,1.253,1.336,0.945,0.851,0.565
2020-06-17,1.254,1.337,0.946,0.853,0.566
2020-06-18,1.261,1.344,0.953,0.86,0.57
2020-06-19,1.27,1.354,0.961,0.868,0.575
2020-06-20,1.28,1.364,0.97,0.878,0.58
2020-06-21,1.28,1.364,0.97,0.878,0.58
2020-06-23,1.288,1.372,0.976,0.884,0.584
2020-06-24,1.295,1.379,0.98,0.888,0.59
2020-06-25,1.293,1.377,0.978,0.886,0.59
2020-06-26,1.288,1.372,0.974,0.882,0.589
2020-06-27,1.28,1.364,0.968,0.876,0.586
2020-06-28,1.28,1.364,0.968,0.876,0.586
2020-06-29,1.28,1.364,0.968,0.876,0.586
2020-06-30,1.27,1.354,0.964,0.872,0.582
2020-07-01,1.27,1.354,0.966,0.873,0.583
2020-07-02,1.271,1.355,0.969,0.876,0.586
2020-07-03,1.277,1.36,0.975,0.881,0.589
2020-07-04,1.283,1.367,0.98,0.886,0.594
2020-07-05,1.283,1.367,0.98,0.886,0.594
2020-07-06,1.283,1.367,0.98,0.886,0.594
2020-07-07,1.285,1.369,0.984,0.89,0.596
2020-07-08,1.287,1.371,0.987,0.892,0.597
2020-07-09,1.29,1.373,0.988,0.893,0.598
2020-07-10,1.288,1.372,0.987,0.892,0.596
2020-07-11,1.29,1.373,0.986,0.89,0.595
2020-07-12,1.29,1.373,0.986,0.89,0.595
2020-07-13,1.29,1.373,0.986,0.89,0.595
2020-07-14,1.29,1.373,0.984,0.888,0.593
2020-07-15,1.286,1.37,0.982,0.885,0.59
2020-07-16,1.286,1.369,0.982,0.884,0.587
2020-07-17,1.284,1.367,0.98,0.883,0.582
2020-07-18,1.28,1.362,0.979,0.882,0.578
2020-07-19,1.28,1.362,0.979,0.882,0.578
2020-07-20,1.28,1.362,0.979,0.882,0.578
2020-07-21,1.278,1.36,0.98,0.883,0.576
2020-07-22,1.279,1.361,0.984,0.887,0.578
2020-07-23,1.279,1.361,0.985,0.888,0.579
2020-07-24,1.281,1.363,0.986,0.889,0.582
2020-07-25,1.282,1.364,0.985,0.889,0.584
2020-07-26,1.282,1.364,0.985,0.889,0.584
2020-07-27,1.282,1.364,0.985,0.889,0.584
2020-07-28,1.276,1.358,0.979,0.882,0.58
2020-07-29,1.274,1.355,0.976,0.879,0.575
2020-07-30,1.271,1.351,0.974,0.878,0.566
2020-07-31,1.265,1.345,0.97,0.874,0.552
2020-08-01,1.26,1.34,0.968,0.872,0.54
2020-08-02,1.26,1.34,0.968,0.872,0.54
2020-08-03,1.26,1.34,0.968,0.872,0.54
2020-08-04,1.257,1.337,0.968,0.873,0.533
2020-08-05,1.255,1.335,0.966,0.87,0.53
2020-08-06,1.26,1.34,0.971,0.875,0.532
2020-08-07,1.266,1.346,0.973,0.876,0.535
2020-08-08,1.268,1.348,0.971,0.874,0.535
2020-08-09,1.268,1.348,0.971,0.874,0.535
2020-08-10,1.268,1.348,0.971,0.874,0.535
2020-08-11,1.272,1.352,0.969,0.873,0.536
2020-08-12,1.273,1.353,0.967,0.871,0.536
2020-08-13,1.276,1.356,0.967,0.872,0.535
2020-08-14,1.279,1.359,0.969,0.874,0.534
2020-08-15,1.279,1.359,0.97,0.875,0.532
2020-08-16,1.279,1.359,0.97,0.875,0.532
2020-08-17,1.279,1.359,0.97,0.875,0.532
2020-08-18,1.281,1.361,0.969,0.873,0.532
2020-08-19,1.281,1.361,0.969,0.873,0.532
2020-08-20,1.281,1.361,0.969,0.872,0.532
2020-08-21,1.281,1.361,0.968,0.87,0.533
2020-08-22,1.28,1.36,0.965,0.868,0.533
2020-08-23,1.28,1.36,0.965,0.868,0.533
2020-08-24,1.28,1.36,0.965,0.868,0.533
2020-08-25,1.283,1.362,0.963,0.868,0.534
2020-08-26,1.287,1.367,0.964,0.87,0.536
2020-08-27,1.291,1.371,0.964,0.872,0.537
2020-08-28,1.292,1.372,0.964,0.872,0.537
2020-08-29,1.291,1.371,0.962,0.87,0.536
2020-08-30,1.291,1.371,0.962,0.87,0.536
2020-08-31,1.291,1.371,0.962,0.87,0.536
2020-09-01,1.29,1.369,0.961,0.869,0.536
2020-09-02,1.285,1.365,0.957,0.865,0.535
2020-09-03,1.282,1.362,0.953,0.862,0.538
2020-09-04,1.282,1.361,0.948,0.857,0.542
2020-09-05,1.279,1.358,0.942,0.852,0.544
2020-09-08,1.277,1.356,0.936,0.846,0.546
2020-09-09,1.271,1.351,0.926,0.837,0.542
2020-09-10,1.269,1.348,0.923,0.834,0.545
2020-09-11,1.265,1.345,0.918,0.831,0.546
2020-09-12,1.263,1.342,0.916,0.829,0.548
2020-09-13,1.263,1.342,0.916,0.829,0.548
2020-09-14,1.263,1.342,0.916,0.829,0.548
2020-09-15,1.263,1.342,0.917,0.829,0.552
2020-09-16,1.262,1.342,0.916,0.828,0.552
2020-09-17,1.267,1.346,0.918,0.828,0.556
2020-09-18,1.274,1.354,0.924,0.833,0.563
2020-09-19,1.281,1.361,0.929,0.838,0.569
2020-09-20,1.281,1.361,0.929,0.838,0.569
2020-09-21,1.281,1.361,0.929,0.838,0.569
2020-09-22,1.282,1.362,0.931,0.84,0.577
2020-09-24,1.276,1.356,0.928,0.838,0.588
2020-09-25,1.273,1.353,0.925,0.835,0.592
2020-09-26,1.276,1.357,0.927,0.837,0.596
2020-09-27,1.276,1.357,0.927,0.837,0.596
2020-09-28,1.276,1.357,0.927,0.837,0.596
2020-09-29,1.28,1.36,0.93,0.84,0.602
2020-09-30,1.279,1.36,0.93,0.84,0.605
2020-10-01,1.278,1.359,0.932,0.842,0.609
2020-10-02,1.274,1.354,0.93,0.84,0.609
2020-10-03,1.267,1.347,0.926,0.837,0.606
2020-10-04,1.267,1.347,0.926,0.837,0.606
2020-10-05,1.267,1.347,0.926,0.837,0.606
2020-10-06,1.267,1.347,0.927,0.838,0.609
2020-10-07,1.268,1.348,0.929,0.84,0.611
2020-10-08,1.27,1.35,0.933,0.844,0.615
2020-10-09,1.275,1.355,0.939,0.85,0.62
2020-10-10,1.275,1.355,0.943,0.854,0.622
2020-10-11,1.275,1.355,0.943,0.854,0.622
2020-10-12,1.275,1.355,0.943,0.854,0.622
2020-10-13,1.272,1.352,0.942,0.853,0.621
2020-10-14,1.272,1.352,0.943,0.853,0.621
2020-10-15,1.27,1.35,0.943,0.69,0.621
2020-10-16,1.268,1.348,0.942,0.689,0.624
2020-10-17,1.268,1.349,0.943,0.69,0.625
2020-10-18,1.268,1.349,0.943,0.69,0.625
2020-10-19,1.268,1.349,0.943,0.69,0.625
2020-10-20,1.267,1.347,0.943,0.69,0.624
2020-10-21,1.264,1.344,0.941,0.687,0.621
2020-10-22,1.26,1.34,0.937,0.683,0.614
2020-10-23,1.259,1.338,0.936,0.68,0.612
2020-10-24,1.256,1.336,0.934,0.679,0.611
2020-10-25,1.256,1.336,0.934,0.679,0.611
2020-10-26,1.256,1.336,0.934,0.679,0.611
2020-10-27,1.251,1.331,0.931,0.675,0.608
2020-10-28,1.251,1.331,0.931,0.675,0.608
2020-10-29,1.245,1.325,0.927,0.67,0.604
2020-10-30,1.238,1.318,0.921,0.664,0.6
2020-10-31,1.234,1.314,0.918,0.661,0.597
2020-11-01,1.234,1.314,0.918,0.661,0.597
2020-11-02,1.234,1.314,0.918,0.661,0.597
2020-11-03,1.23,1.31,0.914,0.656,0.594
2020-11-04,1.23,1.31,0.915,0.657,0.595
2020-11-05,1.236,1.316,0.92,0.662,0.597
2020-11-06,1.24,1.32,0.924,0.667,0.599
2020-11-07,1.241,1.321,0.926,0.671,0.597
2020-11-08,1.241,1.321,0.926,0.671,0.597
2020-11-09,1.241,1.321,0.926,0.671,0.597
2020-11-10,1.246,1.326,0.931,0.677,0.597
2020-11-11,1.25,1.33,0.935,0.682,0.597
2020-11-12,1.258,1.337,0.943,0.691,0.6
2020-11-13,1.265,1.345,0.95,0.699,0.604
2020-11-14,1.263,1.343,0.95,0.7,0.604
2020-11-15,1.263,1.343,0.95,0.7,0.604
2020-11-16,1.263,1.343,0.95,0.7,0.604
2020-11-17,1.262,1.342,0.951,0.701,0.604
2020-11-18,1.257,1.336,0.947,0.698,0.601
2020-11-19,1.255,1.334,0.948,0.699,0.601
2020-11-20,1.254,1.333,0.951,0.702,0.601
2020-11-21,1.253,1.332,0.952,0.703,0.598
2020-11-22,1.253,1.332,0.952,0.703,0.598
2020-11-23,1.253,1.332,0.952,0.703,0.598
2020-11-24,1.256,1.335,0.956,0.708,0.596
2020-11-25,1.262,1.341,0.963,0.714,0.593
2020-11-26,1.269,1.348,0.97,0.721,0.592
2020-11-27,1.275,1.354,0.977,0.728,0.593
2020-11-28,1.28,1.359,0.982,0.733,0.599
2020-11-29,1.28,1.359,0.982,0.733,0.599
2020-11-30,1.28,1.359,0.982,0.733,0.599
2020-12-01,1.277,1.357,0.981,0.731,0.603
2020-12-02,1.276,1.355,0.979,0.73,0.612
2020-12-03,1.275,1.354,0.978,0.729,0.621
2020-12-04,1.273,1.352,0.978,0.728,0.626
2020-12-05,1.275,1.353,0.979,0.73,0.633
2020-12-06,1.275,1.353,0.979,0.73,0.633
2020-12-07,1.275,1.353,0.979,0.73,0.633
2020-12-08,1.277,1.355,0.982,0.732,0.636
2020-12-09,1.278,1.355,0.985,0.735,0.641
2020-12-10,1.279,1.357,0.987,0.736,0.644
2020-12-11,1.284,1.362,0.991,0.741,0.649
2020-12-12,1.288,1.366,0.993,0.742,0.651
2020-12-13,1.288,1.366,0.993,0.742,0.651
2020-12-14,1.288,1.366,0.993,0.742,0.651
2020-12-15,1.29,1.368,0.993,0.743,0.652
2020-12-16,1.294,1.372,0.997,0.748,0.655
2020-12-17,1.293,1.371,0.996,0.748,0.655
2020-12-18,1.295,1.372,0.998,0.751,0.66
2020-12-19,1.299,1.377,1.003,0.755,0.666
2020-12-20,1.299,1.377,1.003,0.755,0.666
2020-12-21,1.299,1.377,1.003,0.755,0.666
2020-12-22,1.298,1.376,1.002,0.753,0.667
2020-12-23,1.298,1.375,1.002,0.752,0.667
2020-12-24,1.299,1.377,1.003,0.752,0.667
2020-12-25,1.298,1.375,1.002,0.749,0.666
2020-12-26,1.298,1.375,1.002,0.749,0.666
2020-12-27,1.298,1.375,1.002,0.749,0.666
2020-12-28,1.298,1.375,1.002,0.749,0.666
2020-12-29,1.297,1.375,1.002,0.749,0.665
2020-12-30,1.3,1.378,1.005,0.751,0.669
2020-12-31,1.302,1.38,1.005,0.752,0.672
2021-01-01,1.303,1.38,1.042,0.751,0.676
2021-01-02,1.303,1.38,1.042,0.751,0.676
2021-01-03,1.303,1.38,1.042,0.751,0.676
2021-01-04,1.303,1.38,1.042,0.751,0.676
2021-01-06,1.307,1.384,1.041,0.751,0.677
2021-01-07,1.311,1.388,1.043,0.753,0.678
2021-01-08,1.316,1.394,1.046,0.756,0.679
2021-01-09,1.326,1.403,1.052,0.762,0.683
2021-01-10,1.326,1.403,1.052,0.762,0.683
2021-01-11,1.326,1.403,1.052,0.762,0.683
2021-01-12,1.333,1.41,1.056,0.766,0.687
2021-01-13,1.34,1.418,1.062,0.773,0.69
2021-01-14,1.346,1.425,1.067,0.779,0.693
2021-01-15,1.349,1.427,1.071,0.783,0.694
2021-01-16,1.35,1.428,1.072,0.784,0.695
2021-01-17,1.35,1.428,1.072,0.784,0.695
2021-01-18,1.35,1.428,1.072,0.784,0.695
2021-01-19,1.348,1.427,1.071,0.783,0.694
2021-01-20,1.349,1.428,1.071,0.783,0.694
2021-01-21,1.351,1.43,1.071,0.783,0.691
2021-01-22,1.352,1.431,1.071,0.783,0.687
2021-01-23,1.353,1.431,1.069,0.78,0.685
2021-01-24,1.353,1.431,1.069,0.78,0.685
2021-01-25,1.353,1.431,1.069,0.78,0.685
2021-01-26,1.352,1.431,1.067,0.777,0.684
2021-01-27,1.351,1.43,1.066,0.774,0.688
2021-01-28,1.351,1.43,1.067,0.773,0.693
2021-01-29,1.351,1.43,1.069,0.774,0.696
2021-01-30,1.351,1.43,1.069,0.774,0.7
2021-01-31,1.351,1.43,1.069,0.774,0.7
2021-02-01,1.351,1.43,1.069,0.774,0.7
2021-02-02,1.352,1.431,1.07,0.775,0.701
2021-02-03,1.356,1.435,1.073,0.779,0.7
2021-02-04,1.363,1.443,1.08,0.785,0.702
2021-02-05,1.371,1.451,1.087,0.792,0.703
2021-02-06,1.38,1.46,1.095,0.801,0.704
2021-02-07,1.38,1.46,1.095,0.801,0.704
2021-02-08,1.38,1.46,1.095,0.801,0.704
2021-02-09,1.385,1.465,1.1,0.806,0.707
2021-02-10,1.387,1.467,1.104,0.81,0.706
2021-02-11,1.388,1.467,1.108,0.814,0.704
2021-02-12,1.387,1.466,1.11,0.816,0.701
2021-02-13,1.388,1.467,1.111,0.817,0.698
2021-02-14,1.388,1.467,1.111,0.817,0.698
2021-02-15,1.388,1.467,1.111,0.817,0.698
2021-02-16,1.393,1.473,1.116,0.821,0.7
2021-02-17,1.397,1.477,1.118,0.824,0.703
2021-02-18,1.404,1.484,1.123,0.829,0.706
2021-02-19,1.41,1.49,1.128,0.835,0.711
2021-02-20,1.412,1.492,1.129,0.835,0.713
2021-02-21,1.412,1.492,1.129,0.835,0.713
2021-02-22,1.412,1.492,1.129,0.835,0.713
2021-02-23,1.415,1.495,1.131,0.838,0.714
2021-02-24,1.418,1.498,1.133,0.839,0.716
2021-02-25,1.423,1.502,1.135,0.842,0.718
2021-02-26,1.427,1.507,1.138,0.845,0.719
2021-02-27,1.431,1.51,1.139,0.847,0.72
2021-02-28,1.431,1.51,1.139,0.847,0.72
2021-03-01,1.431,1.51,1.139,0.847,0.72
2021-03-02,1.433,1.513,1.139,0.847,0.721
2021-03-03,1.431,1.511,1.135,0.842,0.718
2021-03-04,1.431,1.511,1.132,0.839,0.716
2021-03-05,1.433,1.514,1.134,0.841,0.717
2021-03-06,1.439,1.52,1.14,0.848,0.721
2021-03-07,1.439,1.52,1.14,0.848,0.721
2021-03-08,1.439,1.52,1.14,0.848,0.721
2021-03-09,1.448,1.529,1.149,0.858,0.725
2021-03-10,1.455,1.537,1.155,0.865,0.726
2021-03-11,1.46,1.541,1.155,0.866,0.719
2021-03-12,1.464,1.546,1.155,0.865,0.711
2021-03-13,1.469,1.55,1.155,0.866,0.704
2021-03-14,1.469,1.55,1.155,0.866,0.704
2021-03-15,1.469,1.55,1.155,0.866,0.704
2021-03-16,1.473,1.555,1.156,0.866,0.7
2021-03-17,1.475,1.557,1.157,0.867,0.698
2021-03-18,1.473,1.554,1.154,0.864,0.694
2021-03-19,1.464,1.546,1.146,0.856,0.688
2021-03-20,1.455,1.537,1.139,0.849,0.682
2021-03-21,1.455,1.537,1.139,0.849,0.682
2021-03-22,1.455,1.537,1.139,0.849,0.682
2021-03-23,1.448,1.529,1.134,0.844,0.677
2021-03-24,1.439,1.521,1.126,0.836,0.672
2021-03-25,1.44,1.522,1.125,0.835,0.672
2021-03-26,1.44,1.522,1.121,0.831,0.67
2021-03-27,1.444,1.526,1.123,0.832,0.671
2021-03-28,1.444,1.526,1.123,0.832,0.671
2021-03-29,1.444,1.526,1.123,0.832,0.671
2021-03-30,1.451,1.533,1.126,0.835,0.673
2021-03-31,1.452,1.535,1.127,0.836,0.674
2021-04-01,1.462,1.545,1.134,0.843,0.679
2021-04-02,1.463,1.545,1.131,0.84,0.677
2021-04-03,1.463,1.545,1.131,0.84,0.677
2021-04-04,1.463,1.545,1.131,0.84,0.677
2021-04-05,1.463,1.545,1.131,0.84,0.677
2021-04-06,1.463,1.545,1.131,0.84,0.677
2021-04-07,1.463,1.545,1.13,0.84,0.676
2021-04-08,1.458,1.539,1.127,0.836,0.67
2021-04-09,1.452,1.534,1.124,0.833,0.665
2021-04-10,1.449,1.531,1.123,0.834,0.661
2021-04-11,1.449,1.531,1.123,0.834,0.661
2021-04-12,1.449,1.531,1.123,0.834,0.661
2021-04-13,1.447,1.529,1.124,0.833,0.656
2021-04-14,1.45,1.532,1.127,0.836,0.654
2021-04-15,1.454,1.536,1.132,0.84,0.653
2021-04-16,1.458,1.54,1.136,0.844,0.653
2021-04-17,1.461,1.543,1.14,0.848,0.653
2021-04-18,1.461,1.543,1.14,0.848,0.653
2021-04-19,1.461,1.543,1.14,0.848,0.653
2021-04-20,1.463,1.544,1.143,0.851,0.651
2021-04-21,1.459,1.54,1.14,0.848,0.647
2021-04-22,1.456,1.537,1.138,0.846,0.642
2021-04-23,1.452,1.533,1.136,0.844,0.64
2021-04-24,1.449,1.53,1.134,0.842,0.638
2021-04-25,1.449,1.53,1.134,0.842,0.638
2021-04-26,1.449,1.53,1.134,0.842,0.638
2021-04-27,1.448,1.529,1.135,0.842,0.639
2021-04-28,1.447,1.527,1.135,0.841,0.64
2021-04-29,1.45,1.531,1.139,0.844,0.641
2021-04-30,1.454,1.534,1.142,,0.642
2021-05-01,1.458,1.538,1.145,1.011,0.64
2021-05-02,1.458,1.538,1.145,1.011,0.64
2021-05-03,1.458,1.538,1.145,1.011,0.64
2021-05-04,1.458,1.539,1.145,1.011,0.64
2021-05-05,1.467,1.548,1.152,1.017,0.637
2021-05-06,1.475,1.557,1.157,1.023,0.634
2021-05-07,1.478,1.559,1.159,1.026,0.629
2021-05-08,1.482,1.563,1.163,1.03,0.625
2021-05-09,1.482,1.563,1.163,1.03,0.625
2021-05-10,1.482,1.563,1.163,1.03,0.625
2021-05-11,1.478,1.559,1.162,1.03,0.622
2021-05-12,1.473,1.554,1.159,1.028,0.618
2021-05-13,1.474,1.554,1.162,1.031,0.616
2021-05-14,1.471,1.552,1.161,1.03,0.614
2021-05-15,1.469,1.55,1.162,1.031,0.613
2021-05-16,1.469,1.55,1.162,1.031,0.613
2021-05-17,1.469,1.55,1.162,1.031,0.613
2021-05-18,1.469,1.549,1.164,1.031,0.612
2021-05-19,1.465,1.545,1.163,1.029,0.611
2021-05-20,1.46,1.54,1.16,1.025,0.609
2021-05-21,1.457,1.537,1.157,1.021,0.607
2021-05-22,1.453,1.532,1.153,1.017,0.605
2021-05-23,1.453,1.532,1.153,1.017,0.605
2021-05-24,1.453,1.532,1.153,1.017,0.605
2021-05-25,1.451,1.531,1.151,1.015,0.604
2021-05-26,1.454,1.533,1.154,1.018,0.607
2021-05-27,1.457,1.537,1.158,1.021,0.61
2021-05-28,1.461,1.541,1.161,1.025,0.614
2021-05-29,1.465,1.544,1.163,1.028,0.617
2021-05-30,1.465,1.544,1.163,1.028,0.617
2021-05-31,1.465,1.544,1.163,1.028,0.617
2021-06-01,1.465,1.545,1.164,1.028,0.617
2021-06-02,1.469,1.549,1.167,1.032,0.621
2021-06-03,1.472,1.552,1.17,1.036,0.625
2021-06-04,1.473,1.553,1.173,1.04,0.627
2021-06-05,1.477,1.557,1.177,1.045,0.63
2021-06-06,1.477,1.557,1.177,1.045,0.63
2021-06-07,1.477,1.557,1.177,1.045,0.63
2021-06-08,1.478,1.558,1.18,1.049,0.636
2021-06-09,1.479,1.559,1.18,1.05,0.645
2021-06-10,1.481,1.561,1.183,1.052,0.655
2021-06-11,1.481,1.561,1.184,1.053,0.665
2021-06-12,1.483,1.564,1.186,1.055,0.674
2021-06-13,1.483,1.564,1.186,1.055,0.674
2021-06-14,1.483,1.564,1.186,1.055,0.674
2021-06-15,1.487,1.567,1.189,1.059,0.681
2021-06-16,1.489,1.57,1.192,1.062,0.687
2021-06-17,1.493,1.574,1.196,1.066,0.694
2021-06-18,1.496,1.577,1.199,1.069,0.696
2021-06-19,1.499,1.58,1.202,1.071,0.698
2021-06-20,1.499,1.58,1.202,1.071,0.698
2021-06-21,1.499,1.58,1.202,1.071,0.698
2021-06-22,1.504,1.586,1.204,1.074,0.7
2021-06-23,1.508,1.591,1.206,1.075,0.701
2021-06-24,1.515,1.597,1.21,1.079,0.704
2021-06-25,1.52,1.602,1.212,1.081,0.708
2021-06-26,1.524,1.607,1.214,1.083,0.711
2021-06-27,1.524,1.607,1.214,1.083,0.711
2021-06-28,1.524,1.607,1.214,1.083,0.711
2021-06-29,1.526,1.608,1.214,1.083,0.713
2021-06-30,1.527,1.61,1.213,1.082,0.713
2021-07-01,1.528,1.611,1.213,1.082,0.712
2021-07-02,1.53,1.613,1.215,1.083,0.713
2021-07-03,1.535,1.618,1.218,1.087,0.718
2021-07-04,1.535,1.618,1.218,1.087,0.718
2021-07-05,1.535,1.618,1.218,1.087,0.718
2021-07-06,1.541,1.624,1.222,1.091,0.725
2021-07-07,1.543,1.626,1.223,1.093,0.729
2021-07-08,1.541,1.624,1.219,1.09,0.729
2021-07-09,1.538,1.621,1.215,1.086,0.727
2021-07-10,1.537,1.621,1.214,1.086,0.727
2021-07-11,1.537,1.621,1.214,1.086,0.727
2021-07-12,1.537,1.621,1.214,1.086,0.727
2021-07-13,1.54,1.623,1.216,1.087,0.727
2021-07-14,1.546,1.629,1.222,1.094,0.732
2021-07-15,1.552,1.635,1.227,1.099,0.736
2021-07-16,1.553,1.636,1.225,1.098,0.736
2021-07-17,1.552,1.636,1.223,1.097,0.737
2021-07-18,1.552,1.636,1.223,1.097,0.737
2021-07-19,1.552,1.636,1.223,1.097,0.737
2021-07-20,1.543,1.627,1.213,1.085,0.733
2021-07-21,1.531,1.615,1.202,1.074,0.726
2021-07-22,1.526,1.609,1.198,1.07,0.725
2021-07-23,1.525,1.608,1.198,1.069,0.725
2021-07-24,1.534,1.617,1.206,1.078,0.732
2021-07-25,1.534,1.617,1.206,1.078,0.732
2021-07-26,1.534,1.617,1.206,1.078,0.732
2021-07-27,1.543,1.627,1.215,1.086,0.739
2021-07-28,1.549,1.633,1.219,1.09,0.742
2021-07-29,1.553,1.637,1.22,1.091,0.742
2021-07-30,1.557,1.64,1.221,1.092,0.74
2021-08-03,1.557,1.641,1.221,1.092,0.737
2021-08-04,1.553,1.636,1.218,1.089,0.738
2021-08-05,1.547,1.63,1.212,1.083,0.738
2021-08-06,1.541,1.624,1.206,1.077,0.74
2021-08-07,1.54,1.623,1.203,1.074,0.742
2021-08-08,1.54,1.623,1.203,1.074,0.742
2021-08-09,1.54,1.623,1.203,1.074,0.742
2021-08-10,1.534,1.617,1.197,1.069,0.744
2021-08-11,1.535,1.618,1.199,1.07,0.749
2021-08-12,1.532,1.616,1.198,1.07,0.754
2021-08-13,1.533,1.617,1.2,1.071,0.76
2021-08-14,1.538,1.622,1.204,1.075,0.764
2021-08-15,1.538,1.622,1.204,1.075,0.764
2021-08-16,1.538,1.622,1.204,1.075,0.764
2021-08-17,1.535,1.619,1.203,1.072,0.764
2021-08-18,1.534,1.618,1.202,1.071,0.764
2021-08-19,1.529,1.613,1.2,1.068,0.761
2021-08-20,1.518,1.601,1.192,1.06,0.755
2021-08-21,1.51,1.594,1.188,1.055,0.751
2021-08-22,1.51,1.594,1.188,1.055,0.751
2021-08-23,1.51,1.594,1.188,1.055,0.751
2021-08-24,1.506,1.59,1.187,1.055,0.75
2021-08-25,1.507,1.59,1.189,1.058,0.751
2021-08-26,1.516,1.599,1.198,1.068,0.758
2021-08-27,1.523,1.607,1.206,1.077,0.762
2021-08-28,1.529,1.613,1.212,1.083,0.765
2021-08-29,1.529,1.613,1.212,1.083,0.765
2021-08-30,1.529,1.613,1.212,1.083,0.765
2021-08-31,1.528,1.612,1.211,1.083,0.765
2021-09-01,1.53,1.614,1.213,1.085,0.766
2021-09-02,1.53,1.613,1.214,1.085,0.764
2021-09-03,1.537,1.62,1.22,1.089,0.767
2021-09-04,1.542,1.626,1.222,1.09,0.768
2021-09-05,1.542,1.626,1.222,1.09,0.768
2021-09-06,1.542,1.626,1.222,1.09,0.768
2021-09-07,1.55,1.633,1.223,1.09,0.768
2021-09-08,1.558,1.641,1.224,1.091,0.769
2021-09-09,1.561,1.644,1.221,1.089,0.767
2021-09-10,1.563,1.647,1.219,1.088,0.766
2021-09-11,1.564,1.648,1.221,1.088,0.768
2021-09-12,1.564,1.648,1.221,1.088,0.768
2021-09-13,1.564,1.648,1.221,1.088,0.768
2021-09-14,1.567,1.651,1.225,1.092,0.771
2021-09-15,1.569,1.652,1.227,1.094,0.775
2021-09-16,1.567,1.651,1.234,1.101,0.782
2021-09-17,1.563,1.647,1.239,1.106,0.788
2021-09-18,1.557,1.64,1.243,1.11,0.793
2021-09-19,1.557,1.64,1.243,1.11,0.793
2021-09-20,1.557,1.64,1.243,1.11,0.793
2021-09-21,1.548,1.632,1.247,1.114,0.798
2021-09-22,1.542,1.626,1.245,1.112,0.797
2021-09-23,1.54,1.624,1.247,1.114,0.797
2021-09-24,1.541,1.625,1.251,1.119,0.8
2021-09-25,1.546,1.63,1.257,1.125,0.802
2021-09-26,1.546,1.63,1.257,1.125,0.802
2021-09-27,1.546,1.63,1.257,1.125,0.802
2021-09-28,1.555,1.64,1.269,1.137,0.808
2021-09-29,1.562,1.646,1.276,1.143,0.813
2021-09-30,1.566,1.651,1.281,1.149,0.82
2021-10-01,1.573,1.657,1.288,1.156,0.828
2021-10-02,1.576,1.661,1.29,1.158,0.84
2021-10-03,1.576,1.661,1.29,1.158,0.84
2021-10-04,1.576,1.661,1.29,1.158,0.84
2021-10-05,1.583,1.669,1.299,1.167,0.853
2021-10-06,1.594,1.679,1.312,1.181,0.865
2021-10-07,1.598,1.684,1.319,1.188,0.875
2021-10-08,1.605,1.69,1.327,1.196,0.879
2021-10-09,1.61,1.695,1.332,1.201,0.882
2021-10-10,1.61,1.695,1.332,1.201,0.882
2021-10-11,1.61,1.695,1.332,1.201,0.882
2021-10-12,1.612,1.698,1.334,1.203,0.884
2021-10-13,1.615,1.701,1.338,1.207,0.887
2021-10-14,1.618,1.704,1.342,1.211,0.889
2021-10-15,1.619,1.705,1.345,1.052,0.89
2021-10-16,1.623,1.709,1.349,1.056,0.893
2021-10-17,1.623,1.709,1.349,1.056,0.893
2021-10-18,1.623,1.709,1.349,1.056,0.893
2021-10-19,1.627,1.713,1.352,1.06,0.896
2021-10-20,1.629,1.715,1.354,1.061,0.9
2021-10-21,1.631,1.717,1.356,1.063,0.903
2021-10-22,1.627,1.712,1.349,1.057,0.9
2021-10-23,1.626,1.712,1.348,1.056,0.899
2021-10-24,1.626,1.712,1.348,1.056,0.899
2021-10-25,1.629,1.715,1.348,1.056,0.899
2021-10-26,1.634,1.72,1.35,1.059,0.901
2021-10-27,1.641,1.727,1.351,1.06,0.9
2021-10-28,1.645,1.731,1.352,1.061,0.9
2021-10-29,1.644,1.73,1.349,1.055,0.897
2021-11-02,1.639,1.724,1.338,1.041,0.892
2021-11-03,1.638,1.724,1.337,1.038,0.893
2021-11-04,1.635,1.721,1.334,1.035,0.893
2021-11-05,1.63,1.716,1.333,1.033,0.892
2021-11-06,1.623,1.709,1.332,1.033,0.889
2021-11-07,1.623,1.709,1.332,1.033,0.889
2021-11-08,1.623,1.709,1.332,1.033,0.889
2021-11-09,1.613,1.699,1.333,1.035,0.889
2021-11-10,1.61,1.695,1.34,1.042,0.893
2021-11-11,1.606,1.692,1.344,1.047,0.898
2021-11-12,1.603,1.689,1.342,1.045,0.901
2021-11-13,1.604,1.691,1.339,1.042,0.901
2021-11-14,1.604,1.691,1.339,1.042,0.901
2021-11-15,1.604,1.691,1.339,1.042,0.901
2021-11-16,1.608,1.695,1.332,1.034,0.897
2021-11-17,1.613,1.7,1.33,1.032,0.893
2021-11-18,1.616,1.703,1.328,1.031,0.891
2021-11-19,1.614,1.701,1.327,1.03,0.885
2021-11-20,1.61,1.697,1.323,1.025,0.88
2021-11-21,1.61,1.697,1.323,1.025,0.88
2021-11-22,1.614,1.701,1.323,1.025,0.88
2021-11-23,1.607,1.695,1.317,1.02,0.875
2021-11-24,1.606,1.693,1.317,1.019,0.873
2021-11-25,1.61,1.698,1.321,1.023,0.878
2021-11-26,1.617,1.705,1.33,1.031,0.886
2021-11-27,1.603,1.691,1.314,1.014,0.879
2021-11-28,1.603,1.691,1.314,1.014,0.879
2021-11-29,1.603,1.691,1.314,1.014,0.879
2021-11-30,1.59,1.678,1.299,1,0.872
2021-12-01,1.565,1.652,1.274,0.975,0.854
2021-12-02,1.546,1.633,1.256,0.957,0.84
2021-12-03,1.543,1.629,1.255,0.957,0.835
2021-12-04,1.538,1.625,1.253,0.956,0.83
2021-12-05,1.538,1.625,1.253,0.956,0.83
2021-12-06,1.538,1.625,1.253,0.956,0.83
2021-12-07,1.544,1.631,1.259,0.964,0.835
2021-12-08,1.555,1.642,1.267,0.975,0.841
2021-12-09,1.569,1.656,1.278,0.986,0.852
2021-12-10,1.581,1.668,1.287,0.996,0.858
2021-12-11,1.59,1.677,1.292,1.003,0.862
2021-12-12,1.59,1.677,1.292,1.003,0.862
2021-12-13,1.59,1.677,1.292,1.003,0.862
2021-12-14,1.592,1.679,1.292,1.004,0.86
2021-12-15,1.59,1.677,1.29,1.003,0.857
2021-12-16,1.587,1.674,1.287,1,0.855
2021-12-17,1.587,1.674,1.288,1.001,0.855
2021-12-18,1.585,1.673,1.285,0.999,0.853
2021-12-19,1.585,1.673,1.285,0.999,0.853
2021-12-20,1.585,1.673,1.285,0.999,0.853
2021-12-21,1.579,1.666,1.277,0.991,0.847
2021-12-22,1.581,1.668,1.277,0.991,0.848
2021-12-23,1.581,1.669,1.277,0.99,0.848
2021-12-24,1.588,1.675,1.282,0.994,0.854
2021-12-25,1.601,1.689,1.293,1.005,0.863
2021-12-26,1.601,1.689,1.293,1.005,0.863
2021-12-27,1.601,1.689,1.293,1.005,0.863
2021-12-28,1.601,1.688,1.293,1.005,0.863
2021-12-29,1.6,1.688,1.292,1.004,0.863
2021-12-30,1.609,1.696,1.3,1.012,0.87
2021-12-31,1.616,1.704,1.307,1.02,0.877
2022-01-01,1.616,1.704,1.308,1.022,0.88
2022-01-02,1.616,1.704,1.308,1.022,0.88
2022-01-03,1.616,1.704,1.308,1.022,0.88
2022-01-04,1.616,1.703,1.308,1.022,0.88
2022-01-05,1.619,1.707,1.316,1.03,0.886
2022-01-06,1.623,1.71,1.323,1.037,0.889
2022-01-07,1.625,1.713,1.331,1.045,0.892
2022-01-08,1.631,1.719,1.343,1.056,0.897
2022-01-09,1.631,1.719,1.343,1.056,0.897
2022-01-10,1.631,1.719,1.343,1.056,0.898
2022-01-11,1.631,1.719,1.347,1.061,0.898
2022-01-12,1.633,1.721,1.352,1.066,0.902
2022-01-13,1.636,1.724,1.357,1.071,0.905
2022-01-14,1.638,1.726,1.36,1.075,0.906
2022-01-15,1.645,1.732,1.367,1.082,0.91
2022-01-16,1.645,1.732,1.367,1.082,0.91
2022-01-17,1.645,1.732,1.367,1.082,0.91
2022-01-18,1.648,1.736,1.374,1.089,0.913
2022-01-19,1.655,1.743,1.38,1.095,0.914
2022-01-20,1.665,1.753,1.39,1.105,0.919
2022-01-21,1.674,1.762,1.396,1.111,0.923
2022-01-22,1.678,1.766,1.398,1.114,0.927
2022-01-23,1.678,1.766,1.398,1.114,0.927
2022-01-24,1.678,1.766,1.398,1.114,0.927
2022-01-25,1.677,1.766,1.396,1.11,0.926
2022-01-26,1.678,1.766,1.393,1.107,0.928
2022-01-27,1.682,1.77,1.397,1.11,0.932
2022-01-28,1.69,1.779,1.405,1.116,0.937
2022-01-29,1.703,1.793,1.419,1.129,0.948
2022-01-30,1.703,1.793,1.419,1.129,0.948
2022-01-31,1.703,1.793,1.419,1.129,0.948
2022-02-01,1.712,1.802,1.428,1.137,0.954
2022-02-02,1.714,1.804,1.431,1.139,0.956
2022-02-03,1.714,1.803,1.431,1.137,0.952
2022-02-04,1.714,1.803,1.431,1.137,0.946
2022-02-05,1.718,1.806,1.438,1.143,0.943
2022-02-06,1.718,1.806,1.438,1.143,0.943
2022-02-07,1.718,1.806,1.438,1.143,0.943
2022-02-08,1.723,1.811,1.444,1.149,0.94
2022-02-09,1.725,1.813,1.445,1.15,0.937
2022-02-10,1.728,1.816,1.446,1.15,0.931
2022-02-11,1.732,1.82,1.444,1.148,0.924
2022-02-12,1.736,1.824,1.444,1.148,0.918
2022-02-13,1.736,1.824,1.444,1.148,0.918
2022-02-14,1.736,1.824,1.444,1.148,0.918
2022-02-15,1.749,1.838,1.455,1.159,0.918
2022-02-16,1.752,1.841,1.457,1.161,0.918
2022-02-17,1.755,1.845,1.462,1.165,0.921
2022-02-18,1.751,1.84,1.46,1.162,0.921
2022-02-19,1.745,1.834,1.455,1.155,0.919
2022-02-20,1.745,1.834,1.455,1.155,0.919
2022-02-21,1.745,1.834,1.455,1.155,0.919
2022-02-22,1.748,1.837,1.456,1.156,0.923
2022-02-23,1.75,1.839,1.456,1.156,0.924
2022-02-24,1.758,1.847,1.46,1.162,0.929
2022-02-25,1.778,1.867,1.482,1.185,0.945
2022-02-26,1.782,1.872,1.487,1.192,0.949
2022-02-27,1.782,1.872,1.487,1.192,0.949
2022-02-28,1.782,1.872,1.487,1.192,0.949
2022-03-01,1.79,1.881,1.5,1.206,0.957
2022-03-02,1.811,1.902,1.532,1.236,0.971
2022-03-03,1.825,1.916,1.567,1.267,0.978
2022-03-04,1.861,1.953,1.629,1.322,0.998
2022-03-05,1.904,1.997,1.708,1.384,1.016
2022-03-06,1.904,1.997,1.708,1.384,1.016
2022-03-07,1.904,1.997,1.708,1.384,1.016
2022-03-08,1.95,2.045,1.793,1.453,1.037
2022-03-09,1.999,2.095,1.89,1.536,1.057
2022-03-10,2.019,2.114,1.932,1.569,1.058
2022-03-11,2.004,2.099,1.898,1.54,1.045
2022-03-12,1.978,2.072,1.845,1.492,1.024
2022-03-13,1.978,2.072,1.845,1.492,1.024
2022-03-14,1.978,2.072,1.845,1.492,1.024
2022-03-15,1.93,2.024,1.749,1.4,0.991
2022-03-16,1.891,1.985,1.677,1.333,0.966
2022-03-17,1.871,1.964,1.657,1.314,0.949
2022-03-18,1.859,1.952,1.66,1.321,0.937
2022-03-19,1.858,1.951,1.678,1.343,0.936
2022-03-20,1.858,1.951,1.678,1.343,0.936
2022-03-21,1.858,1.951,1.678,1.343,0.936
2022-03-22,1.883,1.976,1.732,1.399,0.948
2022-03-23,1.907,2,1.788,1.453,0.961
2022-03-24,1.926,2.02,1.834,1.495,0.974
2022-03-25,1.944,2.038,1.876,1.532,0.982
2022-03-26,1.95,2.044,1.892,1.541,0.991
2022-03-27,1.95,2.044,1.892,1.541,0.991
2022-03-28,1.95,2.044,1.892,1.541,0.991
2022-03-29,1.947,2.041,1.887,1.533,0.994
2022-03-30,1.926,2.02,1.846,1.49,0.987
2022-03-31,1.916,2.01,1.807,1.454,0.985
2022-04-01,1.901,1.994,1.621,1.423,0.971
2022-04-02,1.893,1.986,1.604,1.414,0.962
2022-04-03,1.893,1.986,1.604,1.414,0.962
2022-04-04,1.897,1.989,1.609,1.418,0.964
2022-04-05,1.903,1.996,1.62,1.439,0.963
2022-04-06,1.898,1.992,1.617,1.446,0.957
2022-04-07,1.897,1.991,1.618,1.455,0.953
2022-04-08,1.893,1.987,1.598,1.441,0.952
2022-04-09,1.888,1.982,1.578,1.422,0.957
2022-04-10,1.888,1.982,1.578,1.422,0.957
2022-04-11,1.888,1.982,1.578,1.422,0.957
2022-04-12,1.883,1.977,1.565,1.41,0.964
2022-04-13,1.89,1.984,1.57,1.415,0.979
2022-04-14,1.908,2.003,1.597,1.442,0.995
2022-04-15,1.921,2.016,1.628,1.472,1.001
2022-04-16,1.921,2.016,1.628,1.472,1.001
2022-04-17,1.921,2.016,1.628,1.472,1.001
2022-04-18,1.921,2.016,1.628,1.472,1.001
2022-04-19,1.921,2.016,1.628,1.472,1.001
2022-04-20,1.936,2.031,1.656,1.502,1.007
2022-04-21,1.94,2.035,1.676,1.522,1.006
2022-04-22,1.942,2.037,1.68,1.523,1.005
2022-04-23,1.944,2.039,1.673,1.515,1
2022-04-24,1.944,2.039,1.673,1.515,1
2022-04-25,1.944,2.039,1.673,1.515,1
2022-04-26,1.937,2.032,1.66,1.497,0.99
2022-04-27,1.942,2.038,1.658,1.491,0.987
2022-04-28,1.952,2.049,1.674,1.508,0.987
2022-04-29,1.973,2.071,1.695,1.529,0.993
2022-04-30,2.007,2.105,1.735,,1.007
2022-05-01,2.009,2.107,1.737,,1.007
2022-05-02,2.009,2.107,1.737,,1.007
2022-05-03,2.013,2.111,1.741,,1.01
2022-05-04,2.028,2.127,1.751,,1.011
2022-05-05,2.043,2.142,1.752,,1.011
2022-05-06,2.052,2.151,1.75,,1.009
2022-05-07,2.065,2.164,1.731,,1.01
2022-05-08,2.065,2.164,1.731,,1.01
2022-05-09,2.065,2.164,1.731,,1.01
2022-05-10,2.074,2.174,1.713,,1.009
2022-05-11,2.07,2.169,1.691,,1.005
2022-05-12,2.07,2.169,1.682,,1.006
2022-05-13,2.075,2.175,1.674,,1.006
2022-05-14,2.099,2.199,1.687,,1.01
2022-05-15,2.099,2.199,1.687,,1.01
2022-05-16,2.099,2.199,1.687,,1.01
2022-05-17,2.132,2.233,1.696,,1.015
2022-05-18,2.161,2.262,1.689,,1.013
2022-05-19,2.162,2.263,1.679,,1.003
2022-05-20,2.149,2.25,1.66,,0.995
2022-05-21,2.137,2.237,1.649,1.661,0.987
2022-05-22,2.137,2.237,1.649,1.661,0.987
2022-05-23,2.137,2.237,1.649,1.661,0.987
2022-05-24,2.121,2.221,1.642,1.651,0.978
2022-05-25,2.116,2.215,1.648,1.655,0.971
2022-05-26,2.127,2.226,1.66,1.667,0.963
2022-05-27,2.141,2.24,1.68,1.686,0.959
2022-05-28,2.16,2.259,1.701,1.706,0.957
2022-05-29,2.16,2.259,1.701,1.706,0.957
2022-05-30,2.16,2.259,1.701,1.706,0.957
2022-05-31,2.189,2.289,1.726,1.728,0.961
2022-06-01,2.214,2.313,1.758,1.757,0.961
2022-06-02,2.235,2.334,1.786,1.782,0.955
2022-06-03,2.236,2.336,1.787,1.783,0.956
2022-06-04,2.237,2.337,1.788,1.784,0.956
2022-06-05,2.237,2.337,1.788,1.784,0.956
2022-06-06,2.237,2.337,1.788,1.784,0.956
2022-06-07,2.256,2.356,1.831,1.826,0.952
2022-06-08,2.263,2.364,1.867,1.862,0.947
2022-06-09,2.268,2.368,1.886,1.883,0.942
2022-06-10,2.279,2.38,1.91,2.043,0.937
2022-06-11,2.287,2.388,1.917,1.913,0.93
2022-06-12,2.287,2.388,1.917,1.913,0.93
2022-06-13,2.287,2.388,1.917,1.913,0.93
2022-06-14,2.298,2.399,1.924,1.918,0.924
2022-06-15,2.305,2.407,1.942,1.933,0.919
2022-06-16,2.294,2.397,1.961,1.948,0.915
2022-06-17,2.28,2.383,1.974,1.96,0.913
2022-06-18,2.257,2.36,1.979,1.969,0.91
2022-06-19,2.257,2.36,1.979,1.969,0.91
2022-06-20,2.257,2.36,1.979,1.969,0.91
2022-06-21,2.24,2.342,1.98,1.973,0.91
2022-06-22,2.237,2.339,1.967,1.968,0.91
2022-06-23,2.233,2.334,1.953,1.962,0.908
2022-06-24,2.245,2.346,1.949,1.962,0.91
2022-06-25,2.249,2.351,1.944,1.96,0.91
2022-06-26,2.249,2.351,1.944,1.96,0.91
2022-06-27,2.249,2.351,1.944,1.96,0.91
2022-06-28,2.248,2.349,1.928,1.946,0.911
2022-06-29,2.254,2.355,1.278,1.296,0.909
2022-06-30,2.254,2.355,1.887,1.907,0.902
2022-07-01,2.246,2.348,1.855,1.875,0.894
2022-07-02,2.236,2.338,1.846,1.867,0.892
2022-07-03,2.236,2.338,1.846,1.867,0.892
2022-07-04,2.239,2.341,1.849,1.87,0.892
2022-07-05,2.236,2.338,1.855,1.874,0.89
2022-07-06,2.21,2.312,1.842,1.859,0.881
2022-07-07,1.56,2.293,1.826,1.841,0.874
2022-07-08,2.184,2.287,1.803,1.818,0.862
2022-07-09,2.168,2.271,1.777,1.793,0.856
2022-07-10,2.168,2.271,1.777,1.793,0.856
2022-07-11,2.168,2.271,1.777,1.793,0.856
2022-07-12,2.174,2.278,1.78,1.797,0.857
2022-07-13,2.172,2.276,1.79,1.807,0.851
2022-07-14,2.145,2.249,1.793,1.813,0.849
2022-07-15,2.115,2.181,1.791,1.815,0.842
2022-07-16,2.082,2.186,1.789,1.812,0.836
2022-07-17,2.082,2.186,1.789,1.812,0.836
2022-07-18,2.082,2.186,1.789,1.812,0.836
2022-07-19,2.064,2.168,1.789,1.814,0.837
2022-07-20,2.043,2.146,1.772,1.793,0.834
2022-07-21,2.03,2.132,1.76,1.778,0.832
2022-07-22,2.006,2.107,1.722,1.746,0.829
2022-07-23,1.988,2.089,1.7,1.725,0.825
2022-07-24,1.988,2.089,1.7,1.725,0.825
2022-07-25,1.988,2.089,1.7,1.725,0.825
2022-07-26,1.983,2.084,1.687,1.715,0.824
2022-07-27,1.978,2.079,1.682,1.71,0.823
2022-07-28,1.988,2.089,1.7,1.722,0.824
2022-07-29,1.995,2.097,1.707,1.731,0.823
2022-07-30,2.004,2.105,1.716,1.742,0.824
2022-07-31,2.004,2.105,1.716,1.742,0.824
2022-08-01,2.004,2.105,1.716,1.742,0.824
2022-08-02,1.989,2.09,1.695,1.72,0.819
2022-08-03,1.976,2.076,1.667,1.689,0.814
2022-08-04,1.955,2.056,1.647,1.66,0.81
2022-08-05,1.915,2.015,1.624,1.626,0.801
2022-08-06,1.896,1.995,1.618,1.613,0.796
2022-08-07,1.896,1.995,1.618,1.613,0.796
2022-08-08,1.896,1.995,1.618,1.613,0.796
2022-08-09,1.876,1.975,1.604,1.595,0.789
2022-08-10,1.864,1.963,1.603,1.581,0.783
2022-08-11,1.87,1.97,1.589,1.574,0.78
2022-08-12,1.884,1.983,1.6,1.582,0.779
2022-08-13,1.889,1.988,1.626,1.607,0.777
2022-08-14,1.889,1.988,1.626,1.607,0.777
2022-08-15,1.889,1.988,1.626,1.607,0.777
2022-08-16,1.894,1.993,1.638,1.62,0.774
2022-08-17,1.892,1.991,1.653,1.635,0.772
2022-08-18,1.887,1.986,1.663,1.644,0.774
2022-08-19,1.889,1.989,1.169,1.652,0.779
2022-08-23,1.904,2.005,1.721,1.696,0.795
2022-08-24,1.915,2.016,1.748,1.723,0.801
2022-08-25,1.912,2.014,1.779,1.754,0.803
2022-08-26,1.907,2.009,1.801,1.777,0.8
2022-08-27,1.898,2,1.82,1.797,0.797
2022-08-28,1.898,2,1.82,1.797,0.797
2022-08-29,1.898,2,1.82,1.797,0.797
2022-08-30,1.896,1.998,1.818,1.795,0.797
2022-08-31,1.876,1.978,1.809,1.787,0.791
2022-09-01,1.857,1.957,1.784,1.765,0.787
2022-09-02,1.826,1.927,1.749,1.731,0.786
2022-09-06,1.808,1.908,1.728,1.707,0.791
2022-09-07,1.809,1.91,1.721,1.699,0.8
2022-09-08,1.813,1.913,1.732,1.71,0.808
2022-09-09,1.803,1.904,1.721,1.699,0.822
2022-09-10,1.794,1.895,1.703,1.682,0.831
2022-09-11,1.794,1.895,1.703,1.682,0.831
2022-09-12,1.794,1.895,1.703,1.682,0.831
2022-09-13,1.792,1.892,1.706,1.687,0.837
2022-09-14,1.793,1.892,1.695,1.678,0.842
2022-09-15,1.808,1.908,1.683,1.668,0.848
2022-09-16,1.81,1.91,1.651,1.635,0.849
2022-09-17,1.808,1.908,1.621,1.604,0.851
2022-09-18,1.808,1.908,1.621,1.604,0.851
2022-09-19,1.808,1.908,1.621,1.604,0.851
2022-09-20,1.812,1.912,1.627,1.609,0.853
2022-09-21,1.805,1.905,1.606,1.589,0.851
2022-09-22,1.796,1.896,1.603,1.583,0.847
2022-09-23,1.798,1.899,1.622,1.604,0.847
2022-09-24,1.8,1.901,1.632,1.611,0.846
2022-09-25,1.8,1.901,1.632,1.611,0.846
2022-09-26,1.8,1.901,1.632,1.611,0.846
2022-09-27,1.807,1.909,1.629,1.606,0.844
2022-09-28,1.817,1.92,1.634,1.607,0.842
2022-09-29,1.835,1.939,1.644,1.617,0.844
2022-09-30,1.855,1.959,1.653,1.631,0.846
2022-10-01,1.85,1.954,1.809,1.638,0.847
2022-10-02,1.85,1.954,1.809,1.638,0.847
2022-10-03,1.85,1.954,1.809,1.638,0.847
2022-10-04,1.854,1.957,1.816,1.653,0.857
2022-10-05,1.853,1.956,1.825,1.664,0.864
2022-10-06,1.855,1.958,1.861,1.697,0.875
2022-10-07,1.869,1.971,1.907,1.74,0.886
2022-10-08,1.887,1.99,1.966,1.79,0.894
2022-10-09,1.887,1.99,1.966,1.79,0.894
2022-10-10,1.887,1.99,1.966,1.79,0.894
2022-10-11,1.897,2,2.007,1.824,0.9
2022-10-12,1.896,1.999,2.003,1.814,0.896
2022-10-13,1.893,1.997,2.003,1.812,0.893
2022-10-14,1.89,1.994,1.989,1.344,0.886
2022-10-15,1.881,1.985,1.971,1.326,0.878
2022-10-16,1.881,1.985,1.971,1.326,0.878
2022-10-17,1.881,1.985,1.971,1.326,0.878
2022-10-18,1.88,1.984,1.981,1.337,0.875
2022-10-19,1.87,1.973,1.974,1.333,0.869
2022-10-20,1.859,1.962,1.957,1.32,0.865
2022-10-21,1.862,1.965,1.947,1.313,0.862
2022-10-22,1.867,1.97,1.928,1.298,0.859
2022-10-23,1.867,1.97,1.928,1.298,0.859
2022-10-24,1.867,1.97,1.928,1.298,0.859
2022-10-25,1.878,1.981,1.918,1.293,0.859
2022-10-26,1.884,1.987,1.909,1.289,0.858
2022-10-27,1.886,1.988,1.901,1.284,0.86
2022-10-29,1.9,2.002,1.897,1.278,0.856
2022-10-30,1.9,2.002,1.897,1.278,0.856
2022-10-31,1.9,2.002,1.897,1.278,0.856
2022-11-01,1.906,2.008,1.896,1.269,0.855
2022-11-02,1.917,2.019,1.886,1.25,0.853
2022-11-03,1.932,2.034,1.882,1.234,0.859
2022-11-04,1.955,2.058,1.89,1.23,0.863
2022-11-05,1.978,2.082,1.903,1.237,0.867
2022-11-06,1.978,2.082,1.903,1.237,0.867
2022-11-07,1.978,2.082,1.903,1.237,0.867
2022-11-08,1.989,2.093,1.918,1.248,0.869
2022-11-09,1.985,2.088,1.92,1.253,0.867
2022-11-10,1.969,2.072,1.89,1.229,0.863
2022-11-11,1.953,2.055,1.859,1.203,0.859
2022-11-15,1.925,2.025,1.804,1.148,0.851
2022-11-16,1.913,2.013,1.789,1.134,0.847
2022-11-17,1.894,1.992,1.777,1.124,0.842
2022-11-18,1.877,1.975,1.767,1.116,0.84
2022-11-19,1.859,1.956,1.751,1.103,0.835
2022-11-20,1.859,1.956,1.751,1.103,0.835
2022-11-21,1.859,1.956,1.751,1.103,0.835
2022-11-22,1.837,1.934,1.735,1.088,0.834
2022-11-23,1.828,1.926,1.725,1.079,0.839
2022-11-24,1.813,1.911,1.715,1.07,0.839
2022-11-25,1.803,1.9,1.704,1.063,0.841
2022-11-26,1.801,1.899,1.697,1.061,0.84
2022-11-27,1.801,1.899,1.697,1.061,0.84
2022-11-28,1.801,1.899,1.697,1.061,0.84
2022-11-29,1.787,1.883,1.673,1.042,0.83
2022-11-30,1.781,1.878,1.661,1.034,0.826
2022-12-01,1.785,1.882,1.662,1.058,0.826
2022-12-02,1.789,1.885,1.668,1.066,0.825
2022-12-03,1.779,1.876,1.672,1.071,0.825
2022-12-04,1.779,1.876,1.672,1.071,0.825
2022-12-05,1.779,1.876,1.672,1.071,0.825
2022-12-06,1.762,1.857,1.664,1.064,0.821
2022-12-07,1.727,1.822,1.631,1.032,0.809
2022-12-08,1.674,1.768,1.576,0.979,0.792
2022-12-09,1.661,1.755,1.561,0.965,0.786
2022-12-10,1.642,1.736,1.539,0.946,0.78
2022-12-11,1.642,1.736,1.539,0.946,0.78
2022-12-12,1.642,1.736,1.539,0.946,0.78
2022-12-13,1.634,1.728,1.54,0.95,0.779
2022-12-14,1.638,1.731,1.556,0.969,0.78
2022-12-15,1.649,1.743,1.582,0.996,0.781
2022-12-17,1.659,1.752,1.615,1.03,0.778
2022-12-18,1.659,1.752,1.615,1.03,0.778
2022-12-19,1.659,1.752,1.615,1.03,0.778
2022-12-20,1.659,1.753,1.612,1.027,0.773
2022-12-21,1.656,1.75,1.597,1.014,0.769
2022-12-22,1.66,1.753,1.586,1.005,0.769
2022-12-23,1.671,1.765,1.587,1.006,0.772
2022-12-24,1.679,1.773,1.593,1.012,0.774
2022-12-25,1.679,1.773,1.593,1.012,0.774
2022-12-26,1.679,1.773,1.593,1.012,0.774
2022-12-27,1.679,1.773,1.593,1.012,0.774
2022-12-28,1.679,1.772,1.592,1.012,0.774
2022-12-29,1.691,1.784,1.603,1.024,0.78
2022-12-30,1.701,1.794,1.609,1.031,0.785
2022-12-31,1.709,1.803,1.613,1.038,0.789
2023-01-01,1.708,1.802,1.61,1.155,0.789
2023-01-02,1.708,1.802,1.61,1.155,0.789
2023-01-03,1.707,1.8,1.608,1.154,0.788
2023-01-04,1.718,1.812,1.608,1.155,0.803
2023-01-05,1.712,1.806,1.591,1.14,0.81
2023-01-06,1.704,1.798,1.578,1.127,0.814
2023-01-07,1.696,1.79,1.571,1.12,0.82
2023-01-08,1.696,1.79,1.571,1.12,0.82
2023-01-09,1.696,1.79,1.571,1.12,0.82
2023-01-10,1.681,1.775,1.561,1.111,0.817
2023-01-11,1.683,1.776,1.566,1.116,0.822
2023-01-12,1.691,1.784,1.574,1.124,0.831
2023-01-13,1.702,1.795,1.581,1.133,0.841
2023-01-14,1.718,1.811,1.595,1.148,0.849
2023-01-15,1.718,1.811,1.595,1.148,0.849
2023-01-16,1.718,1.811,1.595,1.148,0.849
2023-01-17,1.732,1.825,1.609,1.163,0.853
2023-01-18,1.742,1.835,1.615,1.167,0.855
2023-01-19,1.751,1.844,1.621,1.172,0.859
2023-01-20,1.758,1.851,1.623,1.172,0.863
2023-01-21,1.77,1.863,1.633,1.181,0.872
2023-01-22,1.77,1.863,1.633,1.181,0.872
2023-01-24,1.782,1.875,1.651,1.2,0.879
2023-01-25,1.786,1.879,1.657,1.198,0.882
2023-01-26,1.786,1.879,1.656,1.191,0.885
2023-01-27,1.782,1.875,1.648,1.177,0.886
2023-01-28,1.774,1.867,1.627,1.151,0.887
2023-01-29,1.774,1.867,1.627,1.151,0.887
2023-01-30,1.774,1.867,1.627,1.151,0.887
2023-01-31,1.767,1.86,1.604,1.132,0.888
2023-02-01,1.765,1.858,1.592,1.125,0.89
2023-02-02,1.759,1.851,1.57,1.107,0.888
2023-02-03,1.75,1.842,1.545,1.084,0.876
2023-02-04,1.74,1.832,1.522,1.064,0.861
2023-02-05,1.74,1.832,1.522,1.064,0.861
2023-02-06,1.74,1.832,1.522,1.064,0.861
2023-02-07,1.727,1.819,1.492,1.035,0.841
2023-02-08,1.725,1.818,1.485,1.028,0.831
2023-02-09,1.728,1.821,1.49,1.032,0.836
2023-02-10,1.733,1.826,1.496,1.036,0.846
2023-02-11,1.749,1.843,1.513,1.053,0.867
2023-02-12,1.749,1.843,1.513,1.053,0.867
2023-02-13,1.749,1.843,1.513,1.053,0.867
2023-02-14,1.756,1.849,1.517,1.059,0.879
2023-02-15,1.759,1.853,1.521,1.065,0.883
2023-02-16,1.762,1.856,1.526,1.073,0.886
2023-02-17,1.757,1.851,1.522,1.072,0.886
2023-02-18,1.749,1.843,1.512,1.063,0.887
2023-02-19,1.749,1.843,1.512,1.063,0.887
2023-02-20,1.749,1.843,1.512,1.063,0.887
2023-02-21,1.746,1.84,1.502,1.053,0.889
2023-02-22,1.745,1.839,1.496,1.046,0.891
2023-02-23,1.739,1.833,1.492,1.04,0.888
2023-02-24,1.739,1.833,1.49,1.038,0.885
2023-02-25,1.738,1.832,1.492,1.042,0.884
2023-02-26,1.738,1.832,1.492,1.042,0.884
2023-02-27,1.738,1.832,1.492,1.042,0.884
2023-02-28,1.736,1.783,1.5,1.053,0.885
2023-03-01,1.742,1.837,1.508,1.064,0.89
2023-03-02,1.745,1.839,1.519,1.077,0.896
2023-03-03,1.751,1.845,1.528,1.086,0.902
2023-03-04,1.758,1.853,1.534,1.09,0.905
2023-03-05,1.758,1.853,1.534,1.09,0.905
2023-03-06,1.758,1.853,1.534,1.09,0.905
2023-03-07,1.764,1.858,1.537,1.09,0.905
2023-03-08,1.769,1.864,1.535,1.085,0.902
2023-03-09,1.769,1.864,1.526,1.075,0.894
2023-03-10,1.77,1.865,1.516,1.064,0.886
2023-03-11,1.767,1.862,1.51,1.059,0.877
2023-03-12,1.767,1.862,1.51,1.059,0.877
2023-03-13,1.767,1.862,1.51,1.059,0.877
2023-03-14,1.762,1.857,1.505,1.055,0.867
2023-03-15,1.757,1.851,1.5,1.051,0.856
2023-03-16,1.742,1.836,1.483,1.034,0.838
2023-03-17,1.734,1.828,1.467,1.017,0.823
2023-03-18,1.733,1.827,1.462,1.009,0.815
2023-03-19,1.733,1.827,1.462,1.009,0.815
2023-03-20,1.733,1.827,1.462,1.009,0.815
2023-03-21,1.732,1.826,1.454,1,0.808
2023-03-22,1.74,1.834,1.458,1.003,0.809
2023-03-23,1.75,1.843,1.462,1.006,0.812
2023-03-24,1.757,1.85,1.457,1.001,0.814
2023-03-25,1.765,1.858,1.454,0.997,0.818
2023-03-26,1.765,1.858,1.454,0.997,0.818
2023-03-27,1.765,1.858,1.454,0.997,0.818
2023-03-28,1.773,1.867,1.452,0.995,0.823
2023-03-29,1.779,1.873,1.45,0.993,0.827
2023-03-30,1.779,1.872,1.447,0.99,0.829
2023-03-31,1.778,1.871,1.443,0.988,0.829
2023-04-01,1.778,1.871,1.44,1.138,0.827
2023-04-02,1.778,1.871,1.44,1.138,0.827
2023-04-03,1.778,1.871,1.44,1.138,0.827
2023-04-04,1.784,1.877,1.441,1.14,0.828
2023-04-05,1.789,1.882,1.443,1.143,0.826
2023-04-06,1.795,1.888,1.451,1.151,0.825
2023-04-07,1.803,1.896,1.46,1.158,0.826
2023-04-08,1.803,1.896,1.46,1.158,0.826
2023-04-09,1.803,1.896,1.46,1.158,0.826
2023-04-10,1.803,1.896,1.46,1.158,0.826
2023-04-12,1.802,1.895,1.457,1.152,0.823
2023-04-13,1.807,1.9,1.461,1.154,0.823
2023-04-14,1.804,1.897,1.459,1.15,0.817
2023-04-15,1.78,1.888,1.451,1.141,0.81
2023-04-16,1.78,1.888,1.451,1.141,0.81
2023-04-17,1.78,1.888,1.451,1.141,0.81
2023-04-18,1.785,1.877,1.446,1.137,0.801
2023-04-19,1.771,1.863,1.438,1.13,0.791
2023-04-20,1.761,1.853,1.43,1.122,0.785
2023-04-21,1.745,1.836,1.417,1.111,0.774
2023-04-22,1.734,1.826,1.408,1.1,0.766
2023-04-23,1.734,1.826,1.408,1.1,0.766
2023-04-24,1.734,1.826,1.408,1.1,0.766
2023-04-25,1.725,1.816,1.401,1.091,0.753
2023-04-26,1.716,1.807,1.391,1.08,0.736
2023-04-27,1.716,1.807,1.385,1.073,0.717
2023-04-28,1.707,1.797,1.374,1.063,0.691
2023-04-29,1.703,1.793,1.365,1.055,0.67
2023-04-30,1.703,1.793,1.365,1.055,0.67
2023-05-01,1.703,1.793,1.365,1.055,0.67
2023-05-02,1.703,1.793,1.365,1.055,0.67
2023-05-03,1.693,1.784,1.352,,0.652
2023-05-04,1.674,1.765,1.335,,0.637
2023-05-05,1.66,1.751,1.325,,0.633
2023-05-06,1.648,1.738,1.317,,0.634
2023-05-07,1.648,1.738,1.317,,0.634
2023-05-08,1.648,1.738,1.317,,0.634
2023-05-09,1.647,1.737,1.316,,0.634
2023-05-10,1.647,1.738,1.32,,0.641
2023-05-11,1.661,1.752,1.336,,0.653
2023-05-12,1.67,1.761,1.347,,0.661
2023-05-13,1.673,1.764,1.35,,0.662
2023-05-14,1.673,1.764,1.35,,0.662
2023-05-15,1.673,1.764,1.35,,0.662
2023-05-17,1.668,1.759,1.352,,0.659
2023-05-18,1.673,1.765,1.356,,0.66
2023-05-19,1.682,1.774,1.364,,0.663
2023-05-20,1.691,1.783,1.368,,0.668
2023-05-21,1.691,1.783,1.368,,0.668
2023-05-22,1.691,1.783,1.368,,0.668
2023-05-23,1.699,1.792,1.37,,0.671
2023-05-24,1.707,1.8,1.37,,0.673
2023-05-25,1.715,1.808,1.371,,0.677
2023-05-26,1.72,1.813,1.37,,0.678
2023-05-27,1.727,1.82,1.373,,0.68
2023-05-28,1.727,1.82,1.373,,0.68
2023-05-29,1.727,1.82,1.373,,0.68
2023-05-30,1.728,1.821,1.374,,0.681
2023-05-31,1.722,1.815,1.371,,0.679
2023-06-01,1.712,1.805,1.364,,0.674
2023-06-02,1.708,1.802,1.366,,0.672
2023-06-03,1.703,1.796,1.366,,0.668
2023-06-04,1.703,1.796,1.366,,0.668
2023-06-05,1.703,1.796,1.366,,0.668
2023-06-06,1.71,1.803,1.375,,0.668
2023-06-07,1.718,1.812,1.384,,0.664
2023-06-08,1.728,1.821,1.39,,0.657
2023-06-09,1.735,1.829,1.391,,0.65
2023-06-10,1.737,1.831,1.387,,0.639
2023-06-11,1.737,1.831,1.387,,0.639
2023-06-12,1.737,1.831,1.387,,0.639
2023-06-13,1.73,1.823,1.38,,0.631
2023-06-14,1.722,1.815,1.378,,0.625
2023-06-15,1.716,1.808,1.378,,0.619
2023-06-16,1.713,1.806,1.382,,0.617
2023-06-17,1.72,1.813,1.398,,0.617
2023-06-18,1.72,1.813,1.398,,0.617
2023-06-19,1.72,1.813,1.398,,0.617
2023-06-20,1.726,1.818,1.408,,0.617
2023-06-21,1.726,1.818,1.411,,0.617
2023-06-22,1.725,1.817,1.416,,0.617
2023-06-23,1.717,1.809,1.407,,0.616
2023-06-24,1.707,1.799,1.397,,0.613
2023-06-25,1.707,1.799,1.397,,0.613
2023-06-26,1.707,1.799,1.397,,0.613
2023-06-27,1.702,1.794,1.392,,0.611
2023-06-28,1.695,1.786,1.382,,0.608
2023-06-29,1.695,1.787,1.38,,0.608
2023-06-30,1.699,1.79,1.378,,0.609
2023-07-01,1.707,1.799,1.38,,0.612
2023-07-02,1.707,1.799,1.38,,0.612
2023-07-03,1.707,1.799,1.379,,0.609
2023-07-04,1.712,1.804,1.378,,0.615
2023-07-05,1.715,1.807,1.381,,0.625
2023-07-06,1.717,1.809,1.391,,0.634
2023-07-07,1.711,1.803,1.393,,0.641
2023-07-08,1.714,1.806,1.402,,0.647
2023-07-09,1.714,1.806,1.402,,0.647
2023-07-10,1.714,1.806,1.402,,0.647
2023-07-11,1.718,1.81,1.41,,0.652
2023-07-12,1.721,1.813,1.415,,0.659
2023-07-13,1.732,1.823,1.425,,0.667
2023-07-14,1.735,1.826,1.425,,0.67
2023-07-15,1.737,1.828,1.423,,0.67
2023-07-16,1.737,1.828,1.423,,0.67
2023-07-17,1.737,1.828,1.423,,0.67
2023-07-18,1.736,1.826,1.418,,0.667
2023-07-19,1.734,1.823,1.413,,0.669
2023-07-20,1.739,1.829,1.417,,0.675
2023-07-21,1.746,1.835,1.42,,0.682
2023-07-22,1.762,1.852,1.432,,0.689
2023-07-23,1.762,1.852,1.432,,0.689
2023-07-24,1.762,1.852,1.432,,0.689
2023-07-25,1.78,1.871,1.449,,0.692
2023-07-26,1.789,1.88,1.458,,0.694
2023-07-27,1.802,1.894,1.474,,0.697
2023-07-28,1.806,1.898,1.486,,0.701
2023-07-29,1.811,1.903,1.499,,0.705
2023-07-30,1.811,1.903,1.499,,0.705
2023-07-31,1.811,1.903,1.499,,0.705
2023-08-01,1.815,1.907,1.515,,0.709
2023-08-02,1.817,1.909,1.534,,0.711
2023-08-03,1.812,1.905,1.543,,0.712
2023-08-04,1.801,1.894,1.551,,0.714
2023-08-05,1.793,1.885,1.559,,0.716
2023-08-06,1.793,1.885,1.559,,0.716
2023-08-07,1.793,1.885,1.559,,0.716
2023-08-08,1.784,1.876,1.555,,0.718
2023-08-09,1.784,1.876,1.558,,0.721
2023-08-10,1.794,1.887,1.567,,0.725
2023-08-11,1.81,1.902,1.571,,0.727
2023-08-12,1.83,1.923,1.579,,0.73
2023-08-13,1.83,1.923,1.579,,0.73
2023-08-14,1.83,1.923,1.579,,0.73
2023-08-15,1.846,1.939,1.582,,0.731
2023-08-16,1.852,1.945,1.571,,0.728
2023-08-17,1.854,1.948,1.561,,0.726
2023-08-18,1.853,1.946,1.557,,0.724
2023-08-19,1.851,1.944,1.562,,0.722
2023-08-20,1.851,1.944,1.562,,0.722
2023-08-21,1.851,1.944,1.562,,0.722
2023-08-22,1.845,1.938,1.57,,0.724
2023-08-23,1.84,1.933,1.577,,0.725
2023-08-24,1.836,1.929,1.582,,0.728
2023-08-25,1.836,1.929,1.583,,0.73
2023-08-26,1.842,1.936,1.592,,0.732
2023-08-27,1.842,1.936,1.592,,0.732
2023-08-28,1.842,1.936,1.592,,0.732
2023-08-29,1.844,1.938,1.593,,0.733
2023-08-30,1.845,1.94,1.598,,0.734
2023-08-31,1.846,1.94,1.592,,0.735
2023-09-01,1.844,1.938,1.586,,0.736
2023-09-02,1.843,1.937,1.578,,0.74
2023-09-03,1.843,1.937,1.578,,0.74
2023-09-04,1.843,1.937,1.578,,0.74
2023-09-05,1.843,1.937,1.576,,0.744
2023-09-06,1.848,1.942,1.593,,0.751
2023-09-07,1.849,1.944,1.604,,0.756
2023-09-08,1.854,1.949,1.613,,0.758
2023-09-09,1.864,1.959,1.629,,0.762
2023-09-10,1.864,1.959,1.629,,0.762
2023-09-11,1.864,1.959,1.629,,0.762
2023-09-12,1.87,1.965,1.641,,0.763
2023-09-13,1.884,1.979,1.657,,0.769
2023-09-14,1.892,1.987,1.672,,0.773
2023-09-15,1.9,1.996,1.683,,0.776
2023-09-16,1.906,2.002,1.686,,0.779
2023-09-17,1.906,2.002,1.686,,0.779
2023-09-19,1.906,2.002,1.681,,0.779
2023-09-20,1.903,1.999,1.674,,0.78
2023-09-21,1.89,1.986,1.659,,0.78
2023-09-22,1.886,1.982,1.66,,0.783
2023-09-23,1.875,1.971,1.664,,0.784
2023-09-24,1.875,1.971,1.664,,0.784
2023-09-25,1.875,1.971,1.664,,0.784
2023-09-26,1.861,1.957,1.663,,0.785
2023-09-27,1.85,1.945,1.665,,0.785
2023-09-28,1.843,1.938,1.661,,0.79
2023-09-29,1.836,1.931,1.667,,0.794
2023-09-30,1.824,1.92,1.676,,0.797
2023-10-01,1.826,1.922,1.679,,0.798
2023-10-02,1.827,1.923,1.682,,0.8
2023-10-03,1.815,1.911,1.685,,0.801
2023-10-04,1.793,1.889,1.679,,0.797
2023-10-05,1.765,1.86,1.66,,0.789
2023-10-06,1.743,1.838,1.628,,0.782
2023-10-07,1.723,1.818,1.603,,0.776
2023-10-08,1.723,1.818,1.603,,0.776
2023-10-09,1.723,1.818,1.603,,0.776
2023-10-10,1.713,1.808,1.588,,0.772
2023-10-11,1.714,1.808,1.582,,0.77
2023-10-12,1.719,1.813,1.585,,0.771
2023-10-13,1.721,1.814,1.593,,0.771
2023-10-14,1.72,1.814,1.606,1.301,0.77
2023-10-15,1.72,1.814,1.606,1.301,0.77
2023-10-16,1.72,1.814,1.606,1.301,0.77
2023-10-17,1.721,1.815,1.618,1.313,0.771
2023-10-18,1.722,1.816,1.624,1.318,0.773
2023-10-19,1.731,1.826,1.633,1.327,0.776
2023-10-20,1.738,1.833,1.627,1.319,0.78
2023-10-21,1.748,1.843,1.624,1.319,0.784
2023-10-22,1.748,1.843,1.624,1.319,0.784
2023-10-23,1.748,1.843,1.624,1.319,0.784
2023-10-24,1.755,1.849,1.627,1.326,0.787
2023-10-25,1.748,1.842,1.614,1.313,0.784
2023-10-26,1.741,1.835,1.602,1.302,0.781
2023-10-27,1.732,1.826,1.59,1.289,0.779
2023-10-28,1.728,1.822,1.579,1.278,0.775
2023-10-29,1.728,1.822,1.579,1.278,0.775
2023-10-30,1.728,1.822,1.579,1.278,0.775
2023-10-31,1.728,1.823,1.573,1.273,0.775
2023-11-01,1.727,1.822,1.569,1.271,0.776
2023-11-02,1.729,1.823,1.565,1.27,0.777
2023-11-03,1.727,1.821,1.567,1.274,0.772
2023-11-04,1.725,1.819,1.568,1.273,0.766
2023-11-05,1.725,1.819,1.568,1.273,0.766
2023-11-06,1.725,1.819,1.568,1.273,0.766
2023-11-07,1.725,1.818,1.566,1.27,0.759
2023-11-08,1.718,1.811,1.554,1.255,0.75
2023-11-09,1.712,1.806,1.538,1.236,0.746
2023-11-10,1.71,1.803,1.521,1.217,0.744
2023-11-11,1.708,1.801,1.507,1.202,0.742
2023-11-12,1.708,1.801,1.507,1.202,0.742
2023-11-13,1.708,1.801,1.507,1.202,0.742
2023-11-14,1.711,1.804,1.505,1.199,0.743
2023-11-15,1.717,1.811,1.508,1.202,0.747
2023-11-16,1.718,1.811,1.514,1.208,0.748
2023-11-17,1.71,1.802,1.509,1.202,0.746
2023-11-18,1.703,1.795,1.502,1.196,0.742
2023-11-21,1.7,1.791,1.494,1.191,0.739
2023-11-22,1.699,1.79,1.491,1.191,0.738
2023-11-23,1.7,1.791,1.495,1.196,0.74
2023-11-24,1.702,1.793,1.499,1.199,0.742
2023-11-25,1.7,1.792,1.502,1.203,0.743
2023-11-26,1.7,1.792,1.502,1.203,0.743
2023-11-27,1.7,1.792,1.502,1.203,0.743
2023-11-28,1.696,1.787,1.501,1.204,0.743
2023-11-29,1.699,1.79,1.504,1.207,0.746
2023-11-30,1.697,1.787,1.501,1.205,0.747
2023-12-01,1.688,1.779,1.492,1.197,0.746
2023-12-02,1.688,1.779,1.49,1.195,0.752
2023-12-03,1.688,1.779,1.49,1.196,0.751
2023-12-04,1.688,1.779,1.49,1.196,0.751
2023-12-05,1.679,1.77,1.48,1.187,0.753
2023-12-06,1.674,1.766,1.474,1.181,0.755
2023-12-07,1.667,1.758,1.466,1.173,0.754
2023-12-08,1.655,1.746,1.457,1.162,0.749
2023-12-09,1.652,1.743,1.454,1.157,0.748
2023-12-10,1.652,1.743,1.454,1.157,0.748
2023-12-11,1.652,1.743,1.454,1.157,0.748
2023-12-12,1.646,1.738,1.449,1.152,0.745
2023-12-13,1.643,1.735,1.443,1.146,0.743
2023-12-14,1.643,1.735,1.437,1.141,0.743
2023-12-15,1.644,1.736,1.433,1.138,0.743
2023-12-16,1.647,1.738,1.431,1.137,0.744
2023-12-17,1.647,1.738,1.431,1.137,0.744
2023-12-18,1.647,1.738,1.431,1.137,0.744
2023-12-19,1.657,1.748,1.444,1.151,0.749
2023-12-20,1.665,1.756,1.455,1.161,0.753
2023-12-21,1.671,1.761,1.466,1.172,0.754
2023-12-22,1.672,1.762,1.472,1.177,0.753
2023-12-28,1.67,1.76,1.464,1.169,0.751
2023-12-29,1.665,1.755,1.454,1.16,0.747
2023-12-30,1.662,1.752,1.442,1.148,0.746
2023-12-31,1.662,1.752,1.442,1.148,0.746
2024-01-01,1.66,1.75,1.44,1.146,0.746
2024-01-03,1.655,1.745,1.428,1.135,0.741
2024-01-04,1.655,1.745,1.429,1.136,0.736
2024-01-05,1.653,1.743,1.426,1.134,0.732
2024-01-06,1.654,1.744,1.432,1.14,0.731
2024-01-07,1.654,1.744,1.432,1.14,0.731
2024-01-08,1.654,1.744,1.432,1.14,0.731
2024-01-09,1.647,1.738,1.43,1.139,0.731
2024-01-10,1.641,1.731,1.429,1.14,0.73
2024-01-11,1.639,1.729,1.432,1.145,0.733
2024-01-12,1.639,1.729,1.435,1.149,0.733
2024-01-13,1.647,1.738,1.445,1.159,0.736
2024-01-14,1.647,1.738,1.445,1.159,0.736
2024-01-15,1.647,1.738,1.445,1.159,0.736
2024-01-16,1.651,1.742,1.448,1.162,0.737
2024-01-18,1.659,1.75,1.46,1.17,0.742
2024-01-19,1.663,1.754,1.465,1.174,0.743
2024-01-20,1.667,1.759,1.473,1.178,0.744
2024-01-21,1.667,1.759,1.473,1.178,0.744
2024-01-22,1.667,1.759,1.473,1.178,0.744
2024-01-23,1.673,1.764,1.475,1.18,0.743
2024-01-24,1.682,1.773,1.483,1.187,0.743
2024-01-25,1.689,1.78,1.488,1.191,0.741
2024-01-26,1.696,1.788,1.495,1.198,0.744
2024-01-27,1.703,1.794,1.503,1.206,0.745
2024-01-28,1.703,1.794,1.503,1.206,0.745
2024-01-29,1.703,1.794,1.503,1.206,0.745
2024-01-30,1.71,1.802,1.513,1.216,0.75
2024-01-31,1.715,1.807,1.521,1.224,0.754
2024-02-01,1.715,1.808,1.527,1.226,0.754
2024-02-02,1.715,1.808,1.532,1.226,0.755
2024-02-03,1.707,1.799,1.52,1.208,0.749
2024-02-04,1.707,1.799,1.52,1.208,0.749
2024-02-05,1.707,1.799,1.52,1.208,0.749
2024-02-06,1.703,1.795,1.514,1.195,0.745
2024-02-07,1.705,1.797,1.512,1.189,0.744
2024-02-08,1.708,1.8,1.514,1.186,0.744
2024-02-09,1.722,1.815,1.533,1.2,0.752
2024-02-10,1.735,1.827,1.556,1.218,0.757
2024-02-11,1.735,1.827,1.556,1.218,0.757
2024-02-12,1.735,1.827,1.556,1.218,0.757
2024-02-13,1.745,1.838,1.569,1.227,0.76
2024-02-14,1.756,1.849,1.578,1.233,0.764
2024-02-15,1.761,1.854,1.576,1.232,0.766
2024-02-16,1.764,1.858,1.571,1.229,0.767
2024-02-17,1.766,1.859,1.564,1.226,0.767
2024-02-18,1.766,1.859,1.564,1.226,0.767
2024-02-19,1.766,1.859,1.564,1.226,0.767
2024-02-20,1.763,1.856,1.556,1.22,0.765
2024-02-21,1.757,1.85,1.548,1.214,0.759
2024-02-22,1.754,1.846,1.536,1.206,0.754
2024-02-23,1.748,1.841,1.527,1.201,0.751
2024-02-24,1.746,1.839,1.518,1.197,0.751
2024-02-25,1.746,1.839,1.518,1.197,0.751
2024-02-26,1.746,1.839,1.518,1.197,0.751
2024-02-27,1.748,1.84,1.515,1.198,0.75
2024-02-28,1.751,1.844,1.513,1.199,0.752
2024-02-29,1.755,1.848,1.508,1.196,0.753
2024-03-01,1.759,1.852,1.505,1.195,0.756
2024-03-02,1.767,1.86,1.506,1.197,0.762
2024-03-03,1.767,1.86,1.506,1.197,0.762
2024-03-04,1.767,1.86,1.506,1.197,0.762
2024-03-05,1.768,1.861,1.502,1.193,0.762
2024-03-06,1.767,1.86,1.5,1.193,0.76
2024-03-07,1.765,1.858,1.501,1.195,0.757
2024-03-08,1.752,1.845,1.496,1.191,0.751
2024-03-09,1.744,1.837,1.493,1.188,0.749
2024-03-10,1.744,1.837,1.493,1.188,0.749
2024-03-11,1.744,1.837,1.493,1.188,0.749
2024-03-12,1.744,1.837,1.492,1.187,0.75
2024-03-13,1.746,1.838,1.488,1.182,0.749
2024-03-14,1.754,1.846,1.486,1.179,0.747
2024-03-15,1.763,1.856,1.491,1.184,0.746
2024-03-16,1.771,1.864,1.498,1.192,0.743
2024-03-17,1.771,1.864,1.498,1.192,0.743
2024-03-18,1.771,1.864,1.498,1.192,0.743
2024-03-19,1.783,1.876,1.509,1.205,0.741
2024-03-20,1.794,1.887,1.518,1.215,0.746
2024-03-21,1.801,1.895,1.518,1.216,0.747
2024-03-22,1.804,1.897,1.513,1.209,0.749
2024-03-23,1.803,1.896,1.506,1.202,0.751
2024-03-24,1.803,1.896,1.506,1.202,0.751
2024-03-25,1.803,1.896,1.506,1.202,0.751
2024-03-26,1.803,1.897,1.499,1.193,0.752
2024-03-27,1.802,1.896,1.495,1.188,0.751
2024-03-28,1.802,1.896,1.495,1.187,0.751
2024-03-29,1.777,1.896,1.494,1.186,0.75
2024-03-30,1.777,1.896,1.494,1.186,0.75
2024-03-31,1.777,1.896,1.494,1.186,0.75
2024-04-01,1.777,1.896,1.494,1.186,0.75
2024-04-02,1.805,1.898,1.495,1.187,0.75
2024-04-03,1.807,1.901,1.5,1.194,0.749
2024-04-04,1.815,1.908,1.513,1.208,0.748
2024-04-05,1.819,1.913,1.52,1.218,0.746
2024-04-06,1.825,1.919,1.53,1.232,0.745
2024-04-07,1.825,1.919,1.53,1.232,0.745
2024-04-08,1.825,1.919,1.53,1.232,0.745
2024-04-09,1.824,1.917,1.529,1.234,0.739
2024-04-10,1.818,1.912,1.521,1.229,0.735
2024-04-11,1.816,1.91,1.516,1.226,0.732
2024-04-12,1.816,1.909,1.51,1.221,0.728
2024-04-13,1.826,1.92,1.513,1.225,0.731
2024-04-14,1.826,1.92,1.513,1.225,0.731
2024-04-15,1.826,1.92,1.513,1.225,0.731
2024-04-16,1.835,1.929,1.514,1.226,0.733
2024-04-17,1.849,1.944,1.516,1.228,0.737
2024-04-18,1.856,1.951,1.512,1.225,0.738
2024-04-19,1.85,1.945,1.494,1.208,0.735
2024-04-20,1.847,1.943,1.484,1.197,0.73
2024-04-21,1.847,1.943,1.484,1.197,0.73
2024-04-22,1.847,1.943,1.484,1.197,0.73
2024-04-23,1.838,1.932,1.474,1.188,0.724
2024-04-24,1.829,1.924,1.467,1.181,0.72
2024-04-25,1.827,1.922,1.469,1.183,0.719
2024-04-26,1.824,1.919,1.466,1.181,0.719
2024-04-27,1.827,1.922,1.467,1.183,0.72
2024-04-28,1.827,1.922,1.467,1.183,0.72
2024-04-29,1.827,1.922,1.467,1.183,0.72
2024-04-30,1.83,1.925,1.466,1.18,0.722
2024-05-01,1.828,1.923,1.464,,0.722
2024-05-02,1.821,1.916,1.461,,0.72
2024-05-03,1.809,1.903,1.452,,0.709
2024-05-04,1.796,1.89,1.444,,0.698
2024-05-05,1.796,1.89,1.444,,0.698
2024-05-06,1.796,1.89,1.444,,0.698
2024-05-07,1.795,1.889,1.443,,0.698
2024-05-08,1.783,1.877,1.436,,0.681
2024-05-09,1.776,1.87,1.435,,0.666
2024-05-10,1.774,1.867,1.438,,0.659
2024-05-11,1.771,1.865,1.438,,0.651
2024-05-12,1.771,1.865,1.438,,0.651
2024-05-13,1.771,1.865,1.438,,0.651
2024-05-14,1.767,1.861,1.437,,0.65
2024-05-15,1.761,1.855,1.432,,0.647
2024-05-16,1.755,1.848,1.426,,0.644
2024-05-17,1.752,1.845,1.424,,0.643
2024-05-18,1.754,1.847,1.426,,0.645
2024-05-19,1.754,1.847,1.426,,0.645
2024-05-20,1.754,1.847,1.426,,0.645
2024-05-21,1.757,1.85,1.432,,0.647
2024-05-22,1.756,1.848,1.436,,0.648
2024-05-23,1.751,1.843,1.436,,0.655
2024-05-24,1.742,1.834,1.432,,0.662
2024-05-25,1.735,1.827,1.426,,0.67
2024-05-26,1.735,1.827,1.426,,0.67
2024-05-27,1.735,1.827,1.426,,0.67
2024-05-28,1.735,1.828,1.426,,0.67
2024-05-29,1.733,1.826,1.426,,0.682
2024-05-30,1.735,1.827,1.428,,0.688
2024-05-31,1.734,1.827,1.429,,0.692
2024-06-01,1.731,1.824,1.427,,0.694
2024-06-02,1.731,1.824,1.427,,0.694
2024-06-03,1.731,1.824,1.427,,0.694
2024-06-04,1.719,1.812,1.416,,0.691
2024-06-05,1.705,1.797,1.404,,0.686
2024-06-06,1.695,1.786,1.395,,0.678
2024-06-07,1.69,1.781,1.391,,0.673
2024-06-08,1.691,1.783,1.394,,0.665
2024-06-09,1.691,1.783,1.394,,0.665
2024-06-10,1.691,1.783,1.394,,0.665
2024-06-11,1.699,1.791,1.405,,0.662
2024-06-12,1.707,1.8,1.418,,0.662
2024-06-13,1.71,1.802,1.426,,0.663
2024-06-14,1.713,1.806,1.439,,0.669
2024-06-15,1.715,1.807,1.447,,0.672
2024-06-16,1.715,1.807,1.447,,0.672
2024-06-17,1.715,1.807,1.447,,0.672
2024-06-18,1.716,1.809,1.452,,0.68
2024-06-19,1.723,1.815,1.461,,0.689
2024-06-20,1.73,1.823,1.468,,0.705
2024-06-21,1.734,1.827,1.473,,0.72
2024-06-22,1.741,1.834,1.478,,0.731
2024-06-23,1.741,1.834,1.478,,0.731
2024-06-24,1.741,1.834,1.478,,0.731
2024-06-25,1.743,1.836,1.478,,0.733
2024-06-26,1.743,1.836,1.478,,0.741
2024-06-27,1.744,1.838,1.477,,0.74
2024-06-28,1.746,1.839,1.478,,0.74
2024-06-29,1.746,1.839,1.48,,0.74
2024-06-30,1.746,1.839,1.48,,0.74
2024-07-01,1.745,1.839,1.479,,0.739
2024-07-02,1.746,1.839,1.481,,0.739
2024-07-03,1.751,1.844,1.487,,0.75
2024-07-04,1.751,1.845,1.486,,0.755
2024-07-05,1.758,1.851,1.489,,0.763
2024-07-06,1.763,1.856,1.489,,0.77
2024-07-07,1.763,1.856,1.489,,0.77
2024-07-08,1.763,1.856,1.489,,0.77
2024-07-09,1.76,1.853,1.483,,0.769
2024-07-10,1.756,1.849,1.476,,0.77
2024-07-11,1.749,1.842,1.469,,0.763
2024-07-12,1.742,1.835,1.462,,0.753
2024-07-13,1.741,1.833,1.459,,0.74
2024-07-14,1.741,1.833,1.459,,0.74
2024-07-15,1.741,1.833,1.459,,0.74
2024-07-16,1.738,1.83,1.456,,0.729
2024-07-17,1.731,1.823,1.45,,0.724
2024-07-18,1.725,1.817,1.444,,0.721
2024-07-19,1.72,1.812,1.439,,0.725
2024-07-20,1.718,1.81,1.435,,0.731
2024-07-21,1.718,1.81,1.435,,0.731
2024-07-22,1.718,1.81,1.435,,0.731
2024-07-23,1.717,1.809,1.432,,0.734
2024-07-24,1.716,1.808,1.427,,0.737
2024-07-25,1.716,1.808,1.426,,0.735
2024-07-26,1.715,1.807,1.426,,0.734
2024-07-27,1.715,1.807,1.425,,0.733
2024-07-28,1.715,1.807,1.425,,0.733
2024-07-29,1.715,1.807,1.425,,0.733
2024-07-30,1.716,1.808,1.424,,0.735
2024-07-31,1.71,1.802,1.417,,0.735
2024-08-01,1.709,1.801,1.413,,0.738
2024-08-02,1.71,1.803,1.413,,0.744
2024-08-03,1.702,1.794,1.406,,0.739
2024-08-04,1.702,1.794,1.406,,0.739
2024-08-05,1.702,1.794,1.406,,0.739
2024-08-06,1.692,1.784,1.398,,0.733
2024-08-07,1.679,1.771,1.386,,0.726
2024-08-08,1.67,1.761,1.38,,0.72
2024-08-09,1.67,1.762,1.38,,0.722
2024-08-10,1.679,1.77,1.384,,0.726
2024-08-11,1.679,1.77,1.384,,0.726
2024-08-12,1.679,1.77,1.384,,0.726
2024-08-13,1.686,1.777,1.389,,0.73
2024-08-14,1.689,1.78,1.391,,0.73
2024-08-15,1.686,1.777,1.39,,0.731
2024-08-16,1.683,1.774,1.392,,0.731
2024-08-17,1.677,1.768,1.388,,0.729
2024-08-18,1.677,1.768,1.388,,0.729
2024-08-19,1.677,1.768,1.388,,0.729
2024-08-20,1.67,1.759,1.381,,0.725
2024-08-21,1.66,1.75,1.37,,0.722
2024-08-22,1.647,1.737,1.36,,0.722
2024-08-23,1.637,1.727,1.354,,0.723
2024-08-24,1.635,1.723,1.354,,0.728
2024-08-25,1.635,1.723,1.354,,0.728
2024-08-26,1.635,1.723,1.354,,0.728
2024-08-27,1.633,1.722,1.352,,0.728
2024-08-28,1.634,1.723,1.357,,0.736
2024-08-29,1.634,1.723,1.356,,0.739
2024-08-30,1.633,1.722,1.36,,0.743
2024-09-02,1.627,1.717,1.36,,0.742
2024-09-03,1.62,1.709,1.361,,0.738
2024-09-04,1.611,1.7,1.361,,0.735
2024-09-05,1.599,1.688,1.352,,0.731
2024-09-06,1.588,1.677,1.344,,0.728
2024-09-07,1.578,1.666,1.332,,0.722
2024-09-08,1.578,1.666,1.332,,0.722
2024-09-09,1.578,1.666,1.332,,0.722
2024-09-10,1.573,1.661,1.323,,0.715
2024-09-11,1.569,1.657,1.317,,0.705
2024-09-12,1.566,1.655,1.308,,0.697
2024-09-13,1.571,1.66,1.312,,0.696
2024-09-14,1.574,1.663,1.312,,0.7
2024-09-15,1.574,1.663,1.312,,0.7
2024-09-16,1.574,1.663,1.312,,0.7
2024-09-17,1.577,1.666,1.312,,0.706
2024-09-18,1.583,1.671,1.316,,0.712
2024-09-19,1.585,1.674,1.314,,0.718
2024-09-20,1.593,1.681,1.317,,0.724
2024-09-24,1.601,1.69,1.324,,0.742
2024-09-25,1.602,1.69,1.326,,0.75
2024-09-26,1.597,1.685,1.325,,0.756
2024-09-27,1.588,1.681,1.323,,0.76
2024-09-28,1.59,1.678,1.32,,0.765
2024-09-29,1.59,1.678,1.32,,0.765
2024-09-30,1.59,1.678,1.32,,0.765
2024-10-01,1.586,1.674,1.315,,0.767
2024-10-04,1.598,1.686,1.328,,0.784
2024-10-05,1.609,1.698,1.342,,0.793
2024-10-06,1.609,1.698,1.342,,0.793
2024-10-07,1.609,1.698,1.342,,0.793
2024-10-08,1.623,1.712,1.356,,0.801
2024-10-09,1.634,1.723,1.367,,0.807
2024-10-10,1.634,1.724,1.366,,0.811
2024-10-11,1.641,1.732,1.366,,0.815
2024-10-12,1.647,1.737,1.364,,0.817
2024-10-13,1.647,1.737,1.364,,0.817
2024-10-14,1.647,1.737,1.364,,0.817
2024-10-15,1.655,1.746,1.365,1.078,0.819
2024-10-17,1.65,1.741,1.349,1.061,0.817
2024-10-18,1.64,1.731,1.338,1.049,0.814
2024-10-19,1.629,1.719,1.328,1.039,0.809
2024-10-20,1.629,1.719,1.328,1.039,0.809
2024-10-21,1.629,1.719,1.328,1.039,0.809
2024-10-22,1.625,1.716,1.328,1.038,0.812
2024-10-23,1.626,1.718,1.333,1.043,0.816
2024-10-24,1.625,1.716,1.337,1.045,0.821
2024-10-25,1.628,1.72,1.343,1.05,0.827
2024-10-26,1.632,1.724,1.349,1.055,0.829
2024-10-27,1.632,1.724,1.349,1.055,0.829
2024-10-28,1.632,1.724,1.349,1.055,0.829
2024-10-29,1.622,1.713,1.342,1.048,0.826
2024-10-30,1.613,1.705,1.334,1.04,0.822
2024-10-31,1.608,1.7,1.332,1.039,0.821
2024-11-01,1.601,1.692,1.33,1.036,0.819
2024-11-02,1.601,1.691,1.337,1.042,0.82
2024-11-03,1.601,1.691,1.337,1.042,0.82
2024-11-04,1.601,1.691,1.337,1.042,0.82
2024-11-05,1.602,1.693,1.347,1.052,0.821
2024-11-06,1.604,1.695,1.356,1.059,0.823
2024-11-07,1.609,1.699,1.364,1.067,0.825
2024-11-08,1.613,1.704,1.367,1.07,0.83
2024-11-09,1.614,1.705,1.365,1.068,0.832
2024-11-10,1.614,1.705,1.365,1.068,0.832
2024-11-11,1.614,1.705,1.365,1.068,0.832
2024-11-12,1.611,1.703,1.359,1.062,0.833
2024-11-13,1.607,1.699,1.354,1.056,0.829
2024-11-14,1.604,1.696,1.354,1.055,0.823
2024-11-15,1.605,1.698,1.358,1.06,0.819
2024-11-16,1.608,1.7,1.363,1.063,0.815
2024-11-17,1.608,1.7,1.363,1.063,0.815
2024-11-18,1.608,1.7,1.363,1.063,0.815
2024-11-19,1.612,1.705,1.37,1.069,0.814
2024-11-20,1.617,1.71,1.377,1.074,0.814
2024-11-21,1.621,1.714,1.381,1.074,0.816
2024-11-22,1.626,1.719,1.388,1.08,0.818
2024-11-23,1.632,1.726,1.394,1.085,0.823
2024-11-24,1.632,1.726,1.394,1.085,0.823
2024-11-25,1.632,1.726,1.394,1.085,0.823
2024-11-26,1.635,1.728,1.393,1.083,0.822
2024-11-27,1.635,1.729,1.395,1.085,0.815
2024-11-28,1.631,1.725,1.391,1.082,0.8
2024-11-29,1.622,1.715,1.38,1.073,0.774
2024-11-30,1.617,1.71,1.377,1.071,0.763
2024-12-01,1.617,1.71,1.377,1.071,0.763
2024-12-02,1.617,1.71,1.377,1.071,0.763
2024-12-03,1.61,1.703,1.371,1.066,0.757
2024-12-04,1.61,1.703,1.37,1.067,0.767
2024-12-05,1.612,1.706,1.369,1.068,0.783
2024-12-06,1.612,1.706,1.365,1.064,0.787
2024-12-07,1.612,1.705,1.358,1.059,0.79
2024-12-08,1.612,1.705,1.358,1.059,0.79
2024-12-09,1.612,1.705,1.358,1.059,0.79
2024-12-10,1.612,1.705,1.353,1.054,0.787
2024-12-11,1.614,1.708,1.352,1.052,0.786
2024-12-12,1.621,1.714,1.356,1.057,0.789
2024-12-13,1.628,1.721,1.363,1.065,0.794
2024-12-14,1.633,1.727,1.372,1.073,0.799
2024-12-15,1.633,1.727,1.372,1.073,0.799
2024-12-16,1.633,1.727,1.372,1.073,0.799
2024-12-17,1.635,1.728,1.378,1.079,0.802
2024-12-18,1.63,1.724,1.378,1.079,0.804
2024-12-19,1.63,1.724,1.383,1.084,0.808
2024-12-20,1.626,1.72,1.381,1.083,0.809
2024-12-21,1.626,1.72,1.38,1.083,0.81
2024-12-22,1.626,1.72,1.38,1.083,0.81
2024-12-23,1.626,1.72,1.38,1.083,0.81
2024-12-24,1.628,1.722,1.38,1.084,0.813
2024-12-25,1.628,1.723,1.377,1.081,0.813
2024-12-26,1.628,1.723,1.377,1.081,0.813
2024-12-27,1.628,1.723,1.377,1.081,0.813
2024-12-28,1.63,1.725,1.377,1.08,0.815
2024-12-29,1.63,1.725,1.377,1.08,0.815
2024-12-30,1.63,1.725,1.377,1.08,0.815
2024-12-31,1.632,1.726,1.38,1.083,0.817
2025-01-01,1.636,1.731,1.386,1.09,0.823
2025-01-02,1.636,1.731,1.386,1.09,0.823
2025-01-03,1.645,1.74,1.396,1.101,0.83
2025-01-04,1.654,1.75,1.404,1.109,0.837
2025-01-05,1.654,1.75,1.404,1.109,0.837
2025-01-06,1.654,1.75,1.404,1.109,0.837
2025-01-07,1.661,1.756,1.407,1.113,0.841
2025-01-08,1.666,1.761,1.408,1.115,0.842
2025-01-09,1.665,1.76,1.404,1.111,0.839
2025-01-10,1.664,1.76,1.405,1.111,0.835
2025-01-15,1.687,1.783,1.444,1.149,0.841
2025-01-16,1.696,1.792,1.458,1.162,0.847
2025-01-17,1.7,1.797,1.464,1.168,0.85
2025-01-21,1.699,1.795,1.463,1.166,0.849
2025-01-22,1.695,1.792,1.457,1.159,0.846
2025-01-23,1.691,1.787,1.446,1.148,0.843
2025-01-24,1.687,1.782,1.435,1.137,0.84
2025-01-28,1.674,1.768,1.415,1.116,0.833
2025-01-29,1.67,1.765,1.41,1.11,0.836
2025-01-30,1.668,1.763,1.409,1.108,0.839
2025-01-31,1.668,1.763,1.407,1.108,0.845
2025-02-04,1.675,1.77,1.419,1.123,0.857
2025-02-05,1.678,1.774,1.422,1.128,0.859
2025-02-06,1.676,1.771,1.419,1.127,0.857
2025-02-07,1.677,1.772,1.416,1.126,0.856
2025-02-08,1.675,1.77,1.412,1.122,0.856
2025-02-09,1.675,1.77,1.412,1.122,0.856
2025-02-10,1.675,1.77,1.412,1.122,0.856
2025-02-11,1.677,1.773,1.413,1.123,0.858
2025-02-12,1.686,1.782,1.424,1.133,0.864
2025-02-13,1.687,1.783,1.431,1.14,0.865
2025-02-14,1.684,1.78,1.432,1.141,0.864
2025-02-18,1.672,1.767,1.421,1.13,0.854
2025-02-19,1.67,1.765,1.417,1.127,0.847
2025-02-20,1.671,1.766,1.42,1.129,0.845
2025-02-21,1.672,1.767,1.425,1.134,0.844
2025-02-22,1.668,1.763,1.426,1.135,0.839
2025-02-23,1.668,1.763,1.426,1.135,0.839
2025-02-24,1.668,1.763,1.426,1.135,0.839
2025-02-25,1.664,1.758,1.423,1.132,0.843
2025-02-26,1.654,1.748,1.414,1.123,0.843
2025-02-27,1.644,1.738,1.4,1.109,0.844
2025-02-28,1.638,1.732,1.393,1.103,0.849
2025-03-04,1.632,1.726,1.386,1.096,0.846
2025-03-05,1.622,1.716,1.381,1.092,0.84
2025-03-06,1.603,1.696,1.365,1.078,0.828
2025-03-07,1.582,1.675,1.351,1.063,0.816
2025-03-08,1.567,1.658,1.342,1.053,0.809
2025-03-09,1.567,1.658,1.342,1.053,0.809
2025-03-10,1.567,1.658,1.342,1.053,0.809
2025-03-11,1.561,1.652,1.335,1.044,0.803
2025-03-12,1.563,1.654,1.336,1.042,0.807
2025-03-13,1.573,1.663,1.335,1.042,0.813
2025-03-14,1.581,1.671,1.331,1.04,0.817
2025-03-18,1.594,1.685,1.325,1.04,0.824
2025-03-19,1.595,1.685,1.322,1.039,0.823
2025-03-20,1.596,1.686,1.321,1.039,0.824
2025-03-25,1.61,1.7,1.336,1.056,0.828
2025-03-26,1.616,1.707,1.341,1.061,0.827
2025-03-27,1.624,1.715,1.345,1.065,0.826
2025-03-28,1.629,1.721,1.348,1.068,0.825
2025-03-29,1.631,1.723,1.348,1.066,0.823
2025-03-30,1.631,1.723,1.348,1.066,0.823
2025-03-31,1.631,1.722,1.348,1.066,0.823
2025-04-01,1.635,1.727,1.351,1.068,0.827
2025-04-02,1.638,1.73,1.352,1.069,0.828
2025-04-03,1.64,1.732,1.353,1.071,0.826
2025-04-04,1.627,1.718,1.342,1.06,0.815
2025-04-05,1.604,1.694,1.321,1.039,0.794
2025-04-06,1.604,1.694,1.321,1.039,0.794
2025-04-07,1.604,1.694,1.321,1.039,0.794
2025-04-08,1.58,1.669,1.298,1.017,0.77
2025-04-09,1.557,1.646,1.277,0.995,0.743
2025-04-10,1.539,1.628,1.261,0.979,0.718
2025-04-11,1.533,1.622,1.257,0.975,0.705
2025-04-12,1.525,1.613,1.251,0.967,0.692
2025-04-13,1.525,1.613,1.251,0.967,0.692
2025-04-14,1.525,1.613,1.251,0.967,0.692
2025-04-15,1.521,1.608,1.246,0.961,0.685
2025-04-16,1.527,1.614,1.25,0.964,0.685
2025-04-17,1.53,1.616,1.251,0.964,0.683
2025-04-23,1.538,1.625,1.262,0.973,0.689
2025-04-25,1.539,1.625,1.262,0.973,0.692
2025-04-26,1.542,1.628,1.262,0.973,0.693
2025-04-27,1.542,1.628,1.262,0.973,0.693
2025-04-28,1.542,1.628,1.262,0.973,0.693
2025-04-29,1.541,1.627,1.262,0.974,0.693
2025-05-01,1.538,1.624,1.259,,0.693
2025-05-02,1.532,1.618,1.25,,0.688
2025-05-03,1.527,1.613,1.242,,0.684
2025-05-04,1.527,1.613,1.242,,0.684
2025-05-05,1.527,1.613,1.242,,0.684
2025-05-06,1.528,1.614,1.242,,0.684
2025-05-08,1.528,1.615,1.234,,0.669
2025-05-09,1.533,1.619,1.236,,0.666
2025-05-14,1.562,1.65,1.263,,0.675
2025-05-16,1.574,1.662,1.28,,0.681
2025-05-17,1.573,1.661,1.281,,0.68
2025-05-18,1.573,1.661,1.281,,0.68
2025-05-19,1.573,1.661,1.281,,0.68
2025-05-21,1.566,1.654,1.272,,0.673
2025-05-22,1.567,1.654,1.266,,0.671
2025-05-23,1.567,1.654,1.261,,0.667
2025-05-27,1.566,1.653,1.257,,0.664
2025-05-28,1.563,1.65,1.254,,0.662
2025-05-29,1.561,1.647,1.255,,0.661
2025-05-30,1.558,1.645,1.255,,0.66
2025-06-03,1.556,1.642,1.253,,0.657
2025-06-04,1.557,1.644,1.255,,0.657
2025-06-05,1.556,1.643,1.256,,0.656
2025-06-06,1.559,1.645,1.261,,0.657
2025-06-12,1.571,1.657,1.278,,0.664
2025-06-13,1.573,1.659,1.281,,0.665
2025-06-17,1.582,1.668,1.303,,0.672
2025-06-18,1.588,1.674,1.324,,0.676
2025-06-19,1.598,1.684,1.348,,0.681
2025-06-20,1.609,1.695,1.377,,0.685
2025-06-21,1.619,1.705,1.397,,0.689
2025-06-22,1.619,1.705,1.397,,0.689
2025-06-23,1.619,1.705,1.397,,0.689
2025-06-25,1.614,1.7,1.382,,0.695
2025-06-26,1.596,1.681,1.352,,0.697
2025-06-27,1.58,1.665,1.332,,0.706
2025-06-28,1.561,1.645,1.312,,0.712
2025-06-29,1.561,1.645,1.312,,0.712
2025-06-30,1.561,1.645,1.312,,0.712
2025-07-01,1.554,1.638,1.312,,0.723
2025-07-02,1.548,1.632,1.31,,0.73
2025-07-03,1.545,1.628,1.313,,0.734
2025-07-04,1.545,1.629,1.322,,0.736
2025-07-05,1.549,1.632,1.334,,0.737
2025-07-06,1.549,1.632,1.334,,0.737
2025-07-07,1.549,1.632,1.334,,0.737
2025-07-08,1.555,1.639,1.341,,0.739
2025-07-09,1.562,1.646,1.348,,0.747
2025-07-10,1.569,1.653,1.353,,0.754
2025-07-11,1.57,1.655,1.353,,0.759
2025-07-12,1.572,1.656,1.36,,0.764
2025-07-15,1.569,1.653,1.359,,0.763
2025-07-16,1.567,1.651,1.358,,0.766
2025-07-17,1.567,1.652,1.355,,0.771
2025-07-18,1.567,1.652,1.353,,0.78
2025-07-19,1.568,1.653,1.358,,0.789
2025-07-20,1.568,1.653,1.358,,0.789
2025-07-21,1.568,1.653,1.358,,0.789
2025-07-22,1.565,1.65,1.359,,0.793
2025-07-23,1.561,1.646,1.359,,0.796
2025-07-24,1.555,1.639,1.353,,0.793
2025-07-25,1.55,1.634,1.342,,0.792
2025-07-26,1.547,1.631,1.336,,0.793
2025-07-27,1.547,1.631,1.336,,0.793
2025-07-28,1.547,1.631,1.336,,0.793
2025-07-29,1.212,1.253,0.941,,0.55
2025-07-30,1.556,1.641,1.333,,0.805
2025-07-31,1.566,1.651,1.334,,0.813
2025-08-01,1.575,1.661,1.335,,0.812
2025-08-02,1.578,1.664,1.331,,0.798
2025-08-03,1.578,1.664,1.331,,0.798
2025-08-04,1.578,1.664,1.331,,0.798
2025-08-05,1.577,1.662,1.326,,0.781
2025-08-06,1.571,1.657,1.317,,0.765
2025-08-07,1.567,1.652,1.311,,0.758
2025-08-08,1.562,1.647,1.306,,0.758
2025-08-09,1.56,1.645,1.303,,0.76
2025-08-10,1.56,1.645,1.303,,0.76
2025-08-11,1.56,1.645,1.303,,0.76
2025-08-12,1.559,1.644,1.303,,0.755
2025-08-13,1.556,1.64,1.299,,0.743
2025-08-14,1.552,1.636,1.294,,0.731
2025-08-15,1.551,1.636,1.288,,0.719
2025-08-16,1.551,1.635,1.284,,0.711
2025-08-17,1.551,1.635,1.284,,0.711
2025-08-18,1.551,1.635,1.284,,0.711
2025-08-20,1.554,1.638,1.281,,0.722
2025-08-21,1.556,1.64,1.287,,0.728
2025-08-26,1.567,1.651,1.305,,0.735
2025-08-28,1.57,1.654,1.309,,0.736
2025-09-02,1.568,1.653,1.308,,0.731
2025-09-03,1.574,1.659,1.314,,0.73
2025-09-05,1.586,1.671,1.326,,0.728
2025-09-06,1.585,1.67,1.325,,0.726
2025-09-07,1.585,1.67,1.325,,0.726
2025-09-08,1.585,1.67,1.325,,0.726
2025-09-09,1.581,1.665,1.32,,0.732
2025-09-11,1.577,1.662,1.316,,0.758
2025-09-12,1.579,1.663,1.317,,0.784
2025-09-19,1.576,1.66,1.329,,0.826
2025-09-20,1.572,1.655,1.327,,0.819
2025-09-21,1.572,1.655,1.327,,0.819
2025-09-22,1.572,1.655,1.327,,0.819
2025-09-23,1.566,1.65,1.32,,0.808
2025-09-24,1.565,1.649,1.319,,0.803
2025-09-25,1.567,1.651,1.32,,0.8
2025-09-26,1.569,1.653,1.326,,0.804
2025-09-27,1.577,1.661,1.336,,0.813
2025-09-28,1.577,1.661,1.336,,0.813
2025-09-29,1.577,1.661,1.336,,0.813
2025-09-30,1.578,1.662,1.335,,0.814
2025-10-01,1.573,1.657,1.332,,0.811
2025-10-03,1.55,1.634,1.311,,0.78
2025-10-04,1.54,1.624,1.304,,0.769
2025-10-07,1.535,1.619,1.299,,0.764
2025-10-08,1.533,1.617,1.294,,0.767
2025-10-10,1.536,1.62,1.3,,0.769
2025-10-11,1.533,1.617,1.298,,0.764
2025-10-12,1.533,1.617,1.298,,0.764
2025-10-13,1.533,1.617,1.298,,0.764
2025-10-14,1.531,1.616,1.298,,0.769
2025-10-15,1.527,1.612,1.292,1,0.771
2025-10-17,1.526,1.611,1.281,0.987,0.778
2025-10-21,1.525,1.609,1.271,0.976,0.761
2025-10-22,1.523,1.608,1.272,0.977,0.755
2025-10-23,1.524,1.609,1.276,0.981,0.752
2025-10-24,1.533,1.617,1.295,0.998,0.756
2025-10-25,1.544,1.629,1.315,1.016,0.762
2025-10-26,1.544,1.629,1.315,1.016,0.762
2025-10-27,1.544,1.629,1.315,1.016,0.762
2025-10-28,1.554,1.639,1.336,1.036,0.766
2025-10-29,1.559,1.644,1.347,1.046,0.767
2025-10-30,1.559,1.643,1.349,1.045,0.767
2025-10-31,1.556,1.641,1.35,1.045,0.767
2025-11-04,1.556,1.641,1.353,1.041,0.776
2025-11-05,1.557,1.643,1.357,1.041,0.78
2025-11-06,1.56,1.646,1.365,1.044,0.783
2025-11-07,1.564,1.649,1.374,1.048,0.782
2025-11-08,1.565,1.651,1.38,1.05,0.78
2025-11-11,1.567,1.653,1.383,1.05,0.778
2025-11-12,1.573,1.658,1.387,1.053,0.777
2025-11-13,1.577,1.662,1.384,1.049,0.775
2025-11-14,1.581,1.666,1.381,1.042,0.771
2025-11-15,1.584,1.669,1.386,1.044,0.769
2025-11-18,1.585,1.67,1.383,1.039,0.764
2025-11-19,1.586,1.671,1.395,1.049,0.77
2025-11-20,1.584,1.669,1.406,1.059,0.779
2025-11-21,1.582,1.667,1.407,1.06,0.789
2025-11-22,1.575,1.661,1.4,1.053,0.81
2025-11-25,1.571,1.657,1.383,1.036,0.821
2025-11-26,1.567,1.652,1.363,1.018,0.829
2025-11-27,1.566,1.651,1.343,1.001,0.838
2025-11-28,1.57,1.655,1.332,0.994,0.839
2025-11-29,1.574,1.659,1.326,0.993,0.84
2025-12-02,1.579,1.664,1.323,0.994,0.841
2025-12-03,1.58,1.666,1.321,0.998,0.846
2025-12-04,1.575,1.66,1.314,0.994,0.848
2025-12-05,1.568,1.653,1.305,0.988,0.851
2025-12-06,1.563,1.648,1.303,0.988,0.857
2025-12-09,1.556,1.641,1.299,0.986,0.858
2025-12-10,1.553,1.637,1.297,0.986,0.859
2025-12-11,1.549,1.634,1.294,0.988,0.859
2025-12-12,1.54,1.624,1.282,0.98,0.854
2025-12-13,1.532,1.616,1.272,0.974,0.85
2025-12-16,1.519,1.603,1.264,0.969,0.844
2025-12-17,1.503,1.586,1.253,0.959,0.836
2025-12-18,1.493,1.576,1.249,0.954,0.833
2025-12-19,1.486,1.569,1.247,0.95,0.832
2025-12-20,1.484,1.567,1.245,0.945,0.832
2025-12-23,1.487,1.57,1.247,0.946,0.835
2025-12-24,1.489,1.572,1.248,0.946,0.836
2025-12-25,1.493,1.576,1.251,0.949,0.837
2025-12-30,1.494,1.577,1.254,0.952,0.835
2025-12-31,1.494,1.577,1.256,0.955,0.841
2026-01-01,1.493,1.576,1.254,0.956,0.848
2026-01-02,1.492,1.575,1.253,0.955,0.849
2026-01-03,1.487,1.57,1.247,0.951,0.853
2026-01-06,1.486,1.57,1.248,0.953,0.861
2026-01-07,1.485,1.568,1.245,0.951,0.861
2026-01-08,1.482,1.566,1.24,0.948,0.86
2026-01-09,1.486,1.569,1.241,0.949,0.863
2026-01-10,1.491,1.575,1.245,0.953,0.869
2026-01-13,1.497,1.58,1.248,0.956,0.873
2026-01-14,1.508,1.592,1.262,0.968,0.882
2026-01-15,1.517,1.601,1.275,0.979,0.89
2026-01-16,1.517,1.601,1.276,0.98,0.89
2026-01-17,1.518,1.602,1.285,0.988,0.89
2026-01-20,1.514,1.598,1.284,0.987,0.884
2026-01-21,1.512,1.596,1.285,0.988,0.877
2026-01-22,1.515,1.599,1.291,0.995,0.875
2026-01-23,1.518,1.602,1.293,0.996,0.871
2026-01-24,1.521,1.605,1.296,0.999,0.87
2026-01-27,1.52,1.603,1.297,1.001,0.865
2026-01-28,1.518,1.601,1.293,0.995,0.861
2026-01-29,1.517,1.599,1.295,0.997,0.859
2026-01-30,1.518,1.6,1.302,1.001,0.869
2026-01-31,1.524,1.606,1.316,1.013,0.882
2026-02-03,1.525,1.607,1.319,1.014,0.891
2026-02-04,1.526,1.609,1.319,1.012,0.901
2026-02-05,1.526,1.609,1.316,1.009,0.901
2026-02-06,1.524,1.607,1.307,1.003,0.901
2026-02-07,1.529,1.612,1.312,1.01,0.906
2026-02-10,1.533,1.616,1.312,1.013,0.91
2026-02-11,1.536,1.62,1.31,1.013,0.913
2026-02-12,1.54,1.623,1.312,1.015,0.916
2026-02-13,1.537,1.62,1.306,1.01,0.913
2026-02-14,1.533,1.615,1.303,1.007,0.909
2026-02-17,1.529,1.612,1.303,1.005,0.907
2026-02-18,1.526,1.608,1.299,1.001,0.901
2026-02-19,1.53,1.613,1.302,1.004,0.9
2026-02-20,1.54,1.622,1.316,1.018,0.903
2026-02-21,1.548,1.631,1.327,1.029,0.908
2026-02-24,1.557,1.641,1.342,1.044,0.914
2026-02-25,1.561,1.645,1.349,0.957,0.917
2026-02-26,1.561,1.645,1.348,1.05,0.92
2026-02-27,1.562,1.645,1.352,1.053,0.923
2026-02-28,1.56,1.644,1.352,1.052,0.927
2026-03-03,1.571,1.654,1.388,1.085,0.945
2026-03-04,1.592,1.677,1.452,1.143,0.977
2026-03-05,1.613,1.698,1.508,1.193,1.001
2026-03-06,1.646,1.731,1.591,1.266,1.032
2026-03-07,1.676,1.763,1.656,1.32,1.059
2026-03-10,1.711,1.798,1.694,1.353,1.085
2026-03-11,1.731,1.818,1.709,1.37,1.096
2026-03-12,1.749,1.836,1.713,1.379,1.11
2026-03-13,1.77,1.858,1.724,1.398,1.128
2026-03-14,1.782,1.87,1.734,1.414,1.141
2026-03-17,1.816,1.905,1.777,1.456,1.176
2026-03-18,1.838,1.928,1.8,1.482,1.2
2026-03-19,1.861,1.951,1.83,1.509,1.229
2026-03-20,1.884,1.974,1.882,1.549,1.26
2026-03-21,1.901,1.991,1.937,1.587,1.285
2026-03-24,1.907,1.997,1.975,1.613,1.295
