date,eu_euro95,eu_diesel,gr_euro95,gr_diesel,it_euro95,it_diesel,bg_euro95,bg_diesel,ro_euro95,ro_diesel
2005-01-03,1.042,0.936,0.749,0.756,1.116,1.018,,,,
2005-01-10,1.038,0.931,0.748,0.758,1.088,1.004,,,,
2005-01-17,1.044,0.927,0.767,0.774,1.088,1.004,,,,
2005-01-24,1.046,0.929,0.783,0.778,1.090,1.004,,,,
2005-01-31,1.066,0.938,0.796,0.782,1.132,1.023,,,,
2005-02-07,1.075,0.937,0.805,0.786,1.136,1.023,,,,
2005-02-14,1.071,0.934,0.805,0.784,1.136,1.022,,,,
2005-02-21,1.073,0.936,0.808,0.784,1.136,1.023,,,,
2005-02-28,1.078,0.952,0.806,0.790,1.136,1.023,,,,
2005-03-07,1.087,0.969,0.809,0.805,1.159,1.048,,,,
2005-03-14,1.097,0.982,0.820,0.830,1.186,1.073,,,,
2005-03-21,1.098,0.989,0.823,0.862,1.186,1.073,,,,
2005-04-04,1.125,1.001,0.853,0.867,1.188,1.075,,,,
2005-04-11,1.152,1.023,0.899,0.883,1.236,1.123,,,,
2005-04-18,1.145,1.017,0.886,0.878,1.236,1.123,,,,
2005-04-25,1.148,1.015,0.873,0.870,1.235,1.121,,,,
2005-05-02,1.151,1.014,0.884,0.871,1.235,1.093,,,,
2005-05-09,1.143,1.005,0.883,0.867,1.215,1.073,,,,
2005-05-16,1.135,0.996,0.863,0.852,1.201,1.063,,,,
2005-05-23,1.127,0.990,0.853,0.841,1.186,1.053,,,,
2005-05-30,1.124,0.988,0.852,0.841,1.186,1.053,,,,
2005-06-06,1.143,1.010,0.859,0.850,1.198,1.075,,,,
2005-06-13,1.158,1.030,0.880,0.884,1.216,1.102,,,,
2005-06-20,1.169,1.044,0.891,0.901,1.216,1.104,,,,
2005-06-27,1.181,1.052,0.911,0.913,1.231,1.121,,,,
2005-07-04,1.187,1.058,0.921,0.915,1.246,1.131,,,,
2005-07-11,1.194,1.068,0.925,0.920,1.246,1.132,,,,
2005-07-18,1.198,1.066,0.940,0.925,1.248,1.133,,,,
2005-07-25,1.200,1.061,0.940,0.925,1.246,1.132,,,,
2005-08-01,1.204,1.060,0.933,0.920,1.246,1.132,,,,
2005-08-08,1.212,1.063,0.940,0.922,1.246,1.133,,,,
2005-08-15,1.221,1.069,0.940,0.922,1.246,1.133,,,,
2005-08-22,1.238,1.090,0.975,0.943,1.276,1.157,,,,
2005-08-29,1.237,1.093,0.946,0.948,1.277,1.158,,,,
2005-09-05,1.305,1.125,1.015,0.969,1.307,1.179,,,,
2005-09-12,1.301,1.119,1.058,0.989,1.330,1.207,,,,
2005-09-19,1.276,1.103,0.990,0.965,1.296,1.179,,,,
2005-09-26,1.273,1.109,0.976,0.963,1.293,1.178,,,,
2005-10-03,1.286,1.123,1.011,0.979,1.335,1.217,,,,
2005-10-10,1.278,1.125,1.026,0.993,1.338,1.218,,,,
2005-10-17,1.262,1.123,0.993,0.987,1.334,1.217,,,,
2005-10-24,1.244,1.117,0.960,0.980,1.296,1.208,,,,
2005-11-07,1.211,1.092,0.915,0.947,1.255,1.167,,,,
2005-11-14,1.200,1.077,0.901,0.928,1.246,1.138,,,,
2005-11-21,1.175,1.057,0.898,0.921,1.227,1.118,,,,
2005-11-28,1.175,1.055,0.894,0.915,1.226,1.118,,,,
2005-12-05,1.168,1.047,0.886,0.908,1.207,1.108,,,,
2005-12-12,1.171,1.052,0.899,0.910,1.214,1.115,,,,
2005-12-19,1.178,1.055,0.910,0.913,1.228,1.128,,,,
2006-01-09,1.197,1.073,0.914,0.913,1.256,1.156,,,,
2006-01-16,1.202,1.070,0.941,0.919,1.260,1.157,,,,
2006-01-23,1.201,1.072,0.943,0.919,1.260,1.157,,,,
2006-01-30,1.206,1.080,0.945,0.924,1.260,1.157,,,,
2006-02-06,1.210,1.085,0.944,0.925,1.258,1.157,,,,
2006-02-13,1.200,1.077,0.935,0.925,1.258,1.157,,,,
2006-02-20,1.188,1.070,0.909,0.921,1.228,1.137,,,,
2006-02-27,1.189,1.073,0.910,0.929,1.226,1.138,,,,
2006-03-06,1.192,1.080,0.924,0.936,1.256,1.167,,,,
2006-03-13,1.194,1.083,0.938,0.946,1.256,1.167,,,,
2006-03-20,1.208,1.090,0.952,0.949,1.262,1.169,,,,
2006-03-27,1.212,1.088,0.963,0.952,1.261,1.169,,,,
2006-04-03,1.234,1.096,0.971,0.953,1.287,1.170,,,,
2006-04-10,1.241,1.098,0.988,0.958,1.290,1.170,,,,
2006-04-24,1.284,1.129,1.016,0.978,1.338,1.208,,,,
2006-05-01,1.294,1.136,1.039,0.997,1.342,1.211,,,,
2006-05-08,1.297,1.136,1.041,0.999,1.345,1.213,,,,
2006-05-15,1.291,1.129,1.035,0.992,1.344,1.202,,,,
2006-05-22,1.289,1.123,1.034,0.991,1.337,1.198,,,,
2006-05-29,1.276,1.112,1.016,0.981,1.336,1.196,,,,
2006-06-05,1.282,1.118,1.024,0.981,1.336,1.197,,,,
2006-06-12,1.292,1.122,1.028,0.981,1.337,1.197,,,,
2006-06-19,1.283,1.115,1.028,0.980,1.337,1.197,,,,
2006-06-26,1.279,1.112,1.021,0.979,1.337,1.197,,,,
2006-07-03,1.293,1.122,1.038,0.984,1.354,1.197,,,,
2006-07-10,1.303,1.125,1.075,1.007,1.367,1.202,,,,
2006-07-17,1.319,1.133,1.082,1.011,1.385,1.207,,,,
2006-07-24,1.334,1.141,1.107,1.021,1.387,1.207,,,,
2006-07-31,1.331,1.136,1.105,1.016,1.387,1.206,,,,
2006-08-07,1.336,1.143,1.102,1.014,1.389,1.206,,,,
2006-08-14,1.328,1.144,1.102,1.017,1.389,1.207,,,,
2006-08-21,1.297,1.133,1.081,1.017,1.362,1.207,,,,
2006-08-28,1.277,1.129,1.041,1.012,1.330,1.207,,,,
2006-09-04,1.254,1.124,1.009,1.009,1.293,1.189,,,,
2006-09-11,1.224,1.105,0.972,0.994,1.271,1.178,,,,
2006-09-18,1.208,1.090,0.941,0.975,1.252,1.158,,,,
2006-09-25,1.185,1.068,0.924,0.951,1.232,1.129,,,,
2006-10-02,1.174,1.060,0.912,0.934,1.230,1.127,,,,
2006-10-09,1.168,1.057,0.908,0.930,1.220,1.117,,,,
2006-10-16,1.167,1.062,0.904,0.928,1.220,1.117,,,,
2006-10-23,1.161,1.060,0.903,0.929,1.220,1.117,,,,
2006-10-30,1.159,1.056,0.903,0.927,1.220,1.117,,,,
2006-11-06,1.154,1.049,0.909,0.926,1.220,1.117,,,,
2006-11-13,1.158,1.050,0.906,0.921,1.220,1.116,,,,
2006-11-20,1.158,1.050,0.910,0.923,1.219,1.114,,,,
2006-11-27,1.153,1.047,0.909,0.920,1.219,1.114,,,,
2006-12-04,1.162,1.053,0.908,0.920,1.219,1.114,,,,
2006-12-11,1.167,1.054,0.913,0.925,1.219,1.114,,,,
2006-12-18,1.170,1.054,0.913,0.924,1.219,1.114,,,,
2007-01-08,1.148,1.020,0.922,0.925,1.219,1.114,,,,
2007-01-15,1.137,1.006,0.912,0.916,1.208,1.098,,,,
2007-01-22,1.128,0.999,0.892,0.902,1.199,1.080,,,,
2007-01-29,1.126,0.996,0.883,0.894,1.198,1.080,,,,
2007-02-05,1.134,1.002,0.893,0.897,1.199,1.079,,,,
2007-02-12,1.140,1.009,0.907,0.906,1.201,1.082,,,,
2007-02-19,1.139,1.008,0.907,0.906,1.201,1.082,,,,
2007-02-26,1.150,1.013,0.914,0.909,1.222,1.098,,,,
2007-03-05,1.173,1.024,0.944,0.920,1.231,1.100,,,,
2007-03-12,1.180,1.029,0.964,0.926,1.241,1.109,,,,
2007-03-19,1.180,1.025,0.968,0.928,1.241,1.109,,,,
2007-03-26,1.185,1.026,0.962,0.925,1.240,1.108,,,,
2007-04-02,1.206,1.044,0.979,0.932,1.256,1.114,,,,
2007-04-16,1.222,1.052,1.007,0.951,1.276,1.127,,,,
2007-04-23,1.234,1.056,1.015,0.957,1.280,1.128,,,,
2007-04-30,1.249,1.058,1.022,0.957,1.294,1.129,,,,
2007-05-07,1.257,1.058,1.042,0.962,1.309,1.129,,,,
2007-05-14,1.263,1.058,1.052,0.963,1.313,1.129,,,,
2007-05-21,1.272,1.061,1.054,0.963,1.327,1.132,,,,
2007-05-28,1.283,1.065,1.067,0.968,1.343,1.139,,,,
2007-06-04,1.283,1.068,1.067,0.970,1.344,1.148,,,,
2007-06-11,1.275,1.066,1.059,0.969,1.346,1.151,,,,
2007-06-18,1.280,1.076,1.050,0.969,1.346,1.152,,,,
2007-06-25,1.286,1.083,1.058,0.977,1.351,1.156,,,,
2007-07-02,1.276,1.079,1.058,0.980,1.351,1.158,,,,
2007-07-09,1.277,1.079,1.055,0.980,1.352,1.159,,,,
2007-07-16,1.286,1.088,1.058,0.983,1.359,1.164,,,,
2007-07-23,1.276,1.086,1.056,0.988,1.357,1.164,,,,
2007-07-30,1.263,1.083,1.040,0.989,1.349,1.173,,,,
2007-08-06,1.257,1.088,1.033,0.999,1.333,1.182,,,,
2007-08-13,1.248,1.080,1.025,0.999,1.302,1.174,,,,
2007-08-20,1.242,1.079,1.017,0.987,1.301,1.171,,,,
2007-08-27,1.238,1.076,1.015,0.988,1.294,1.164,,,,
2007-09-03,1.243,1.079,1.011,0.987,1.298,1.168,,,,
2007-09-10,1.250,1.090,1.021,0.992,1.309,1.174,,,,
2007-09-17,1.245,1.100,1.023,1.000,1.308,1.189,,,,
2007-09-24,1.249,1.111,1.026,1.013,1.313,1.197,,,,
2007-10-01,1.250,1.112,1.027,1.020,1.314,1.203,,,,
2007-10-08,1.247,1.106,1.022,1.017,1.311,1.203,,,,
2007-10-15,1.244,1.107,1.015,1.014,1.312,1.203,,,,
2007-10-22,1.256,1.123,1.021,1.019,1.313,1.208,,,,
2007-10-29,1.261,1.133,1.032,1.029,1.319,1.214,,,,
2007-11-05,1.278,1.151,1.047,1.043,1.332,1.229,,,,
2007-11-12,1.302,1.189,1.074,1.079,1.356,1.259,,,,
2007-11-19,1.296,1.191,1.083,1.094,1.360,1.264,,,,
2007-11-26,1.296,1.203,1.082,1.098,1.364,1.289,,,,
2007-12-03,1.290,1.204,1.083,1.104,1.363,1.292,,,,
2007-12-10,1.275,1.188,1.065,1.065,1.362,1.290,,,,
2007-12-17,1.282,1.184,1.058,1.089,1.359,1.281,,,,
2008-01-07,1.321,1.220,1.097,1.118,1.377,1.296,1.003,1.028,0.990,1.015
2008-01-14,1.310,1.206,1.111,1.129,1.372,1.287,0.990,0.994,0.958,0.988
2008-01-21,1.298,1.192,1.100,1.116,1.356,1.260,0.980,0.987,0.956,0.985
2008-01-28,1.295,1.185,1.086,1.098,1.352,1.255,0.969,0.979,0.948,0.977
2008-02-04,1.299,1.191,1.081,1.092,1.353,1.259,0.969,0.987,0.982,1.012
2008-02-11,1.292,1.189,1.077,1.089,1.352,1.259,0.966,0.990,0.977,1.007
2008-02-18,1.316,1.216,1.089,1.100,1.367,1.279,1.008,1.034,0.994,1.023
2008-02-25,1.328,1.236,1.110,1.123,1.385,1.309,1.015,1.047,1.009,1.039
2008-03-03,1.326,1.239,1.120,1.141,1.388,1.313,1.015,1.047,0.985,1.014
2008-03-10,1.330,1.259,1.118,1.146,1.389,1.325,1.001,1.057,1.015,1.064
2008-03-17,1.326,1.273,1.118,1.169,1.386,1.349,1.008,1.101,1.004,1.052
2008-03-31,1.314,1.256,1.115,1.182,1.363,1.327,1.017,1.085,1.012,1.060
2008-04-07,1.319,1.257,1.117,1.179,1.364,1.326,1.011,1.068,1.024,1.073
2008-04-14,1.327,1.279,1.123,1.183,1.380,1.346,1.020,1.099,1.044,1.131
2008-04-21,1.336,1.293,1.131,1.227,1.381,1.366,1.022,1.116,1.063,1.151
2008-04-28,1.355,1.313,1.141,1.240,1.396,1.377,1.042,1.129,1.045,1.132
2008-05-05,1.364,1.327,1.171,1.264,1.432,1.411,1.061,1.144,1.041,1.128
2008-05-12,1.378,1.351,1.176,1.276,1.459,1.446,1.082,1.176,1.087,1.182
2008-05-19,1.404,1.398,1.221,1.341,1.473,1.467,1.105,1.238,1.104,1.200
2008-05-26,1.418,1.424,1.228,1.365,1.497,1.494,1.119,1.248,1.103,1.223
2008-06-02,1.431,1.433,1.239,1.388,1.496,1.490,1.119,1.248,1.114,1.236
2008-06-09,1.432,1.422,1.249,1.388,1.503,1.498,1.135,1.233,1.098,1.218
2008-06-16,1.449,1.439,1.256,1.383,1.525,1.520,1.158,1.258,1.106,1.199
2008-06-23,1.452,1.435,1.267,1.383,1.525,1.521,1.158,1.258,1.103,1.195
2008-06-30,1.462,1.444,1.267,1.378,1.525,1.521,1.149,1.243,1.120,1.211
2008-07-07,1.474,1.454,1.270,1.378,1.528,1.524,1.163,1.264,1.151,1.251
2008-07-14,1.467,1.456,1.271,1.386,1.532,1.528,1.156,1.264,1.165,1.261
2008-07-21,1.451,1.448,1.269,1.384,1.524,1.519,1.156,1.264,1.172,1.268
2008-07-28,1.423,1.415,1.245,1.366,1.490,1.485,1.096,1.209,1.145,1.241
2008-08-04,1.407,1.393,1.210,1.336,1.467,1.462,1.082,1.193,1.138,1.243
2008-08-11,1.404,1.368,1.200,1.317,1.453,1.428,1.070,1.152,1.100,1.195
2008-08-18,1.387,1.342,1.192,1.298,1.449,1.419,1.070,1.126,1.104,1.195
2008-08-25,1.395,1.343,1.185,1.288,1.450,1.418,1.070,1.126,1.108,1.185
2008-09-01,1.389,1.338,1.195,1.295,1.454,1.416,1.098,1.152,1.109,1.186
2008-09-08,1.381,1.325,1.200,1.296,1.446,1.397,1.079,1.126,1.081,1.142
2008-09-15,1.385,1.319,1.193,1.284,1.445,1.376,1.107,1.119,1.072,1.133
2008-09-22,1.362,1.300,1.158,1.250,1.405,1.353,1.054,1.088,1.069,1.130
2008-09-29,1.351,1.298,1.165,1.256,1.413,1.363,1.038,1.088,1.032,1.100
2008-10-06,1.345,1.296,1.153,1.254,1.404,1.360,1.024,1.093,0.969,1.032
2008-10-13,1.300,1.254,1.122,1.237,1.352,1.298,0.982,1.057,1.010,1.076
2008-10-20,1.242,1.207,1.056,1.182,1.293,1.253,0.915,0.987,1.012,1.081
2008-10-27,1.206,1.179,1.006,1.141,1.267,1.232,0.915,0.987,1.001,1.068
2008-11-03,1.193,1.166,0.997,1.129,1.256,1.217,0.894,0.969,0.919,1.009
2008-11-10,1.158,1.153,0.969,1.112,1.223,1.210,0.894,0.969,0.882,0.976
2008-11-17,1.125,1.124,0.934,1.101,1.200,1.193,0.866,0.951,0.869,0.961
2008-11-24,1.087,1.092,0.905,1.073,1.154,1.149,0.847,0.943,0.820,0.939
2008-12-01,1.076,1.074,0.867,1.040,1.147,1.142,0.806,0.925,0.817,0.935
2008-12-08,1.056,1.043,0.864,1.025,1.128,1.113,0.799,0.901,0.804,0.920
2008-12-15,1.021,0.998,0.839,0.997,1.115,1.080,0.773,0.844,0.746,0.868
2009-01-05,0.984,0.949,0.809,0.949,1.083,1.022,0.741,0.795,0.736,0.835
2009-01-12,1.025,0.988,0.830,0.952,1.113,1.052,0.776,0.826,0.666,0.790
2009-01-19,1.034,0.983,0.852,0.956,1.132,1.070,0.776,0.826,0.702,0.811
2009-01-26,1.032,0.972,0.864,0.953,1.136,1.061,0.789,0.813,0.710,0.804
2009-02-02,1.046,0.977,0.869,0.949,1.144,1.063,0.789,0.798,0.701,0.793
2009-02-09,1.065,0.984,0.881,0.947,1.142,1.066,0.812,0.813,0.759,0.832
2009-02-16,1.061,0.972,0.891,0.943,1.135,1.061,0.822,0.803,0.765,0.818
2009-02-23,1.055,0.956,0.895,0.938,1.143,1.033,0.803,0.771,0.771,0.824
2009-03-02,1.051,0.946,0.872,0.915,1.156,1.021,0.803,0.771,0.762,0.797
2009-03-09,1.054,0.939,0.880,0.912,1.161,1.018,0.803,0.771,0.764,0.798
2009-03-16,1.055,0.937,0.883,0.908,1.165,1.019,0.803,0.771,0.765,0.800
2009-03-23,1.056,0.939,0.882,0.906,1.164,1.026,0.812,0.782,0.778,0.775
2009-03-30,1.077,0.959,0.902,0.918,1.186,1.042,0.840,0.813,0.810,0.805
2009-04-06,1.098,0.973,0.915,0.930,1.176,1.032,0.840,0.813,0.823,0.819
2009-04-20,1.106,0.974,0.919,0.932,1.196,1.052,0.840,0.813,0.807,0.803
2009-04-27,1.109,0.972,0.933,0.936,1.198,1.055,0.854,0.813,0.810,0.805
2009-05-04,1.108,0.976,0.932,0.934,1.183,1.052,0.854,0.813,0.816,0.811
2009-05-11,1.137,0.981,0.934,0.931,1.229,1.071,0.866,0.813,0.822,0.817
2009-05-18,1.152,0.986,0.955,0.936,1.234,1.066,0.893,0.831,0.843,0.819
2009-05-25,1.173,0.984,0.978,0.936,1.263,1.060,0.914,0.813,0.844,0.858
2009-06-01,1.184,0.990,0.995,0.934,1.276,1.065,0.912,0.815,0.841,0.856
2009-06-08,1.195,1.009,1.003,0.959,1.283,1.090,0.933,0.855,0.834,0.848
2009-06-15,1.224,1.033,1.021,0.981,1.305,1.110,0.945,0.868,0.877,0.841
2009-06-22,1.234,1.046,1.043,1.002,1.316,1.118,0.968,0.878,0.877,0.841
2009-06-29,1.220,1.042,1.044,1.008,1.291,1.102,0.954,0.865,0.878,0.843
2009-07-06,1.210,1.033,1.077,1.008,1.279,1.096,0.954,0.865,0.879,0.844
2009-07-13,1.187,1.009,1.065,0.998,1.260,1.075,0.914,0.834,0.876,0.840
2009-07-20,1.185,1.002,1.048,0.977,1.251,1.065,0.880,0.803,0.873,0.837
2009-07-27,1.203,1.024,1.050,0.977,1.279,1.103,0.903,0.828,0.891,0.844
2009-08-03,1.225,1.039,1.073,0.993,1.280,1.104,0.935,0.865,0.892,0.845
2009-08-10,1.235,1.050,1.099,1.005,1.307,1.127,0.956,0.880,0.926,0.860
2009-08-17,1.240,1.056,1.111,1.014,1.304,1.124,0.949,0.878,0.923,0.857
2009-08-24,1.234,1.054,1.108,1.016,1.296,1.119,0.949,0.878,0.924,0.857
2009-08-31,1.221,1.048,1.102,1.017,1.292,1.117,0.935,0.868,0.923,0.857
2009-09-07,1.223,1.043,1.089,1.013,1.272,1.095,0.933,0.870,0.918,0.853
2009-09-14,1.210,1.028,1.075,1.002,1.270,1.093,0.903,0.836,0.912,0.846
2009-09-21,1.198,1.025,1.064,0.996,1.267,1.091,0.884,0.815,0.914,0.848
2009-09-28,1.176,1.012,1.056,0.990,1.241,1.076,0.891,0.834,0.881,0.833
2009-10-05,1.183,1.019,1.040,0.981,1.236,1.079,0.891,0.842,0.868,0.821
2009-10-12,1.171,1.014,1.039,0.979,1.251,1.087,0.891,0.842,0.863,0.817
2009-10-19,1.192,1.037,1.042,0.973,1.264,1.106,0.903,0.855,0.873,0.831
2009-10-26,1.206,1.049,1.068,0.981,1.287,1.127,0.926,0.888,0.875,0.833
2009-11-02,1.222,1.059,1.082,0.987,1.295,1.135,0.938,0.899,0.899,0.859
2009-11-09,1.224,1.061,1.087,0.987,1.293,1.129,0.924,0.870,0.901,0.861
2009-11-16,1.220,1.055,1.084,0.986,1.283,1.117,0.924,0.870,0.900,0.861
2009-11-23,1.221,1.055,1.076,0.979,1.289,1.125,0.924,0.870,0.904,0.864
2009-11-30,1.211,1.046,1.079,0.977,1.281,1.117,0.910,0.855,0.906,0.866
2009-12-07,1.218,1.052,1.074,0.973,1.281,1.118,0.905,0.849,0.916,0.876
2009-12-14,1.205,1.044,1.074,0.972,1.270,1.109,0.922,0.872,0.911,0.871
2009-12-21,1.203,1.046,1.064,0.967,1.264,1.113,0.907,0.857,0.918,0.878
2010-01-04,1.231,1.072,1.076,0.995,1.294,1.135,0.935,0.886,0.977,0.921
2010-01-11,1.264,1.098,1.100,1.021,1.311,1.153,0.952,0.904,1.000,0.942
2010-01-18,1.262,1.100,1.114,1.044,1.316,1.158,0.963,0.917,1.015,0.957
2010-01-25,1.257,1.090,1.109,1.039,1.314,1.147,0.947,0.899,1.011,0.954
2010-02-01,1.256,1.084,1.109,1.038,1.313,1.136,0.947,0.899,1.019,0.961
2010-02-08,1.256,1.085,1.110,1.037,1.321,1.143,0.956,0.909,1.007,0.949
2010-02-15,1.256,1.081,1.243,1.096,1.307,1.135,0.952,0.898,1.012,0.955
2010-02-22,1.263,1.093,1.252,1.103,1.311,1.155,0.961,0.909,0.997,0.952
2010-03-01,1.273,1.108,1.272,1.125,1.333,1.181,0.984,0.935,1.017,0.939
2010-03-08,1.295,1.118,1.369,1.171,1.352,1.182,0.996,0.942,1.042,0.985
2010-03-15,1.321,1.137,1.394,1.184,1.363,1.190,1.019,0.958,1.054,0.997
2010-03-22,1.322,1.140,1.428,1.211,1.376,1.201,1.019,0.958,1.068,1.011
2010-03-29,1.340,1.152,1.431,1.215,1.377,1.202,1.019,0.958,1.074,1.017
2010-04-12,1.353,1.178,1.442,1.230,1.393,1.220,1.047,1.003,1.074,1.016
2010-04-19,1.356,1.181,1.450,1.245,1.392,1.223,1.047,1.003,1.068,1.010
2010-04-26,1.368,1.189,1.446,1.246,1.390,1.230,1.047,1.003,1.079,1.020
2010-05-03,1.373,1.202,1.450,1.256,1.405,1.248,1.053,1.013,1.080,1.026
2010-05-10,1.367,1.199,1.528,1.306,1.400,1.246,1.039,1.003,1.073,1.021
2010-05-17,1.366,1.198,1.524,1.307,1.395,1.251,1.039,0.996,1.068,1.023
2010-05-24,1.340,1.176,1.520,1.306,1.373,1.227,1.039,0.996,1.064,1.021
2010-05-31,1.347,1.178,1.493,1.288,1.359,1.216,1.018,0.980,1.061,1.018
2010-06-07,1.356,1.187,1.485,1.284,1.372,1.230,1.018,0.980,1.048,1.006
2010-06-14,1.360,1.195,1.489,1.287,1.376,1.240,1.034,0.998,1.059,1.023
2010-06-21,1.363,1.202,1.495,1.294,1.392,1.252,1.048,1.011,1.068,1.036
2010-06-28,1.367,1.205,1.500,1.304,1.396,1.248,1.048,1.011,1.041,1.017
2010-07-05,1.351,1.187,1.518,1.320,1.378,1.220,1.030,0.990,1.105,1.080
2010-07-12,1.345,1.179,1.509,1.310,1.372,1.212,1.030,0.990,1.086,1.055
2010-07-19,1.335,1.172,1.504,1.293,1.366,1.207,1.011,0.969,1.075,1.049
2010-07-26,1.342,1.172,1.499,1.265,1.355,1.202,1.011,0.969,1.063,1.053
2010-08-02,1.343,1.174,1.516,1.263,1.363,1.210,1.011,0.969,1.045,1.056
2010-08-09,1.347,1.186,1.504,1.247,1.367,1.214,1.030,0.990,1.060,1.064
2010-08-16,1.339,1.179,1.505,1.248,1.366,1.213,1.030,0.990,1.063,1.073
2010-08-23,1.341,1.179,1.497,1.274,1.360,1.211,1.030,0.975,1.062,1.066
2010-08-30,1.331,1.174,1.486,1.286,1.350,1.208,1.030,0.975,1.059,1.064
2010-09-06,1.327,1.174,1.482,1.291,1.350,1.209,1.039,0.990,1.055,1.053
2010-09-13,1.339,1.182,1.489,1.295,1.359,1.222,1.039,0.990,1.081,1.065
2010-09-20,1.336,1.186,1.502,1.305,1.365,1.228,1.032,0.990,1.094,1.081
2010-09-27,1.317,1.176,1.499,1.306,1.348,1.216,1.004,0.967,1.092,1.087
2010-10-04,1.317,1.178,1.482,1.301,1.344,1.212,1.004,0.967,1.084,1.079
2010-10-11,1.327,1.187,1.485,1.304,1.354,1.224,1.015,0.985,1.086,1.081
2010-10-18,1.332,1.188,1.503,1.309,1.359,1.229,1.030,0.985,1.088,1.080
2010-10-25,1.335,1.191,1.509,1.310,1.352,1.224,1.020,0.993,1.086,1.077
2010-11-08,1.343,1.200,1.502,1.308,1.364,1.234,1.020,1.000,1.081,1.072
2010-11-15,1.352,1.212,1.507,1.313,1.381,1.256,1.034,1.023,1.079,1.071
2010-11-22,1.349,1.208,1.522,1.328,1.377,1.249,1.034,1.023,1.089,1.080
2010-11-29,1.363,1.218,1.520,1.326,1.385,1.260,1.034,1.023,1.104,1.085
2010-12-06,1.389,1.238,1.544,1.341,1.412,1.286,1.089,1.066,1.118,1.094
2010-12-13,1.402,1.256,1.573,1.364,1.419,1.295,1.089,1.066,1.142,1.112
2010-12-20,1.407,1.263,1.575,1.368,1.418,1.292,1.089,1.066,1.142,1.120
2011-01-03,1.420,1.280,1.593,1.391,1.438,1.312,1.123,1.103,1.168,1.150
2011-01-10,1.443,1.297,1.605,1.398,1.445,1.318,1.112,1.085,1.169,1.151
2011-01-17,1.455,1.317,1.620,1.409,1.466,1.340,1.165,1.142,1.166,1.148
2011-01-24,1.444,1.311,1.635,1.425,1.471,1.349,1.144,1.124,1.158,1.149
2011-01-31,1.431,1.304,1.619,1.419,1.466,1.346,1.114,1.114,1.151,1.147
2011-02-07,1.441,1.325,1.609,1.419,1.466,1.347,1.123,1.145,1.153,1.159
2011-02-14,1.446,1.334,1.611,1.427,1.466,1.348,1.133,1.145,1.156,1.163
2011-02-21,1.448,1.336,1.620,1.438,1.475,1.358,1.147,1.160,1.161,1.185
2011-02-28,1.471,1.358,1.637,1.449,1.508,1.392,1.179,1.181,1.189,1.208
2011-03-07,1.485,1.377,1.660,1.471,1.525,1.417,1.202,1.217,1.203,1.219
2011-03-14,1.515,1.388,1.675,1.493,1.531,1.423,1.184,1.197,1.231,1.250
2011-03-21,1.499,1.387,1.673,1.500,1.527,1.425,1.142,1.197,1.243,1.256
2011-03-28,1.505,1.385,1.659,1.499,1.521,1.429,1.156,1.197,1.259,1.271
2011-04-04,1.519,1.387,1.674,1.502,1.523,1.429,1.156,1.184,1.252,1.265
2011-04-11,1.536,1.401,1.691,1.511,1.550,1.457,1.165,1.215,1.261,1.290
2011-04-18,1.547,1.406,1.706,1.523,1.555,1.460,1.165,1.194,1.268,1.297
2011-05-02,1.543,1.404,1.716,1.523,1.552,1.457,1.211,1.260,1.282,1.288
2011-05-09,1.526,1.375,1.717,1.520,1.556,1.425,1.198,1.173,1.261,1.258
2011-05-16,1.523,1.361,1.706,1.496,1.551,1.409,1.184,1.137,1.279,1.256
2011-05-23,1.517,1.365,1.688,1.480,1.538,1.403,1.184,1.137,1.256,1.245
2011-05-30,1.507,1.356,1.680,1.471,1.537,1.403,1.193,1.153,1.255,1.244
2011-06-06,1.504,1.359,1.689,1.477,1.535,1.402,1.193,1.153,1.273,1.254
2011-06-13,1.499,1.367,1.674,1.475,1.531,1.404,1.156,1.160,1.258,1.239
2011-06-20,1.500,1.372,1.670,1.480,1.529,1.412,1.165,1.184,1.234,1.215
2011-06-27,1.471,1.343,1.667,1.481,1.507,1.385,1.137,1.132,1.231,1.230
2011-07-04,1.471,1.339,1.653,1.462,1.556,1.429,1.156,1.147,1.231,1.229
2011-07-11,1.493,1.360,1.661,1.460,1.577,1.449,1.184,1.163,1.229,1.227
2011-07-18,1.513,1.374,1.692,1.479,1.590,1.465,1.219,1.202,1.239,1.234
2011-07-25,1.518,1.384,1.710,1.473,1.590,1.465,1.219,1.202,1.279,1.272
2011-08-01,1.525,1.389,1.714,1.465,1.598,1.474,1.219,1.202,1.287,1.280
2011-08-08,1.507,1.372,1.709,1.456,1.593,1.468,1.195,1.181,1.281,1.273
2011-08-22,1.483,1.347,1.670,1.413,1.569,1.443,1.172,1.145,1.249,1.242
2011-08-29,1.483,1.348,1.668,1.413,1.568,1.442,1.177,1.150,1.240,1.235
2011-09-05,1.499,1.361,1.677,1.423,1.575,1.449,1.193,1.160,1.250,1.235
2011-09-12,1.520,1.371,1.697,1.446,1.590,1.465,1.193,1.160,1.240,1.225
2011-09-19,1.518,1.376,1.701,1.475,1.605,1.483,1.193,1.176,1.248,1.252
2011-09-26,1.503,1.374,1.694,1.480,1.604,1.486,1.193,1.176,1.245,1.250
2011-10-03,1.497,1.376,1.682,1.480,1.594,1.483,1.172,1.176,1.236,1.248
2011-10-10,1.495,1.375,1.662,1.475,1.586,1.480,1.158,1.160,1.232,1.244
2011-10-17,1.504,1.385,1.674,1.478,1.589,1.481,1.193,1.205,1.226,1.238
2011-10-24,1.500,1.398,1.679,1.484,1.597,1.491,1.193,1.200,1.248,1.268
2011-10-31,1.498,1.401,1.677,1.492,1.589,1.489,1.160,1.189,1.233,1.265
2011-11-07,1.497,1.406,1.661,1.491,1.592,1.501,1.160,1.189,1.215,1.260
2011-11-14,1.490,1.414,1.660,1.499,1.595,1.516,1.169,1.231,1.215,1.260
2011-11-21,1.487,1.426,1.661,1.518,1.588,1.525,1.149,1.241,1.212,1.257
2011-11-28,1.475,1.410,1.645,1.519,1.577,1.529,1.128,1.217,1.211,1.256
2011-12-05,1.482,1.415,1.638,1.515,1.575,1.526,1.139,1.197,1.214,1.259
2011-12-12,1.494,1.424,1.640,1.515,1.673,1.658,1.139,1.197,1.216,1.261
2011-12-19,1.502,1.426,1.643,1.514,1.673,1.654,1.139,1.197,1.227,1.273
2012-01-09,1.550,1.464,1.673,1.515,1.694,1.664,1.202,1.245,1.233,1.271
2012-01-16,1.557,1.482,1.704,1.539,1.709,1.682,1.202,1.245,1.264,1.324
2012-01-23,1.562,1.476,1.716,1.549,1.713,1.687,1.216,1.245,1.259,1.321
2012-01-30,1.563,1.466,1.718,1.545,1.718,1.685,1.228,1.240,1.260,1.322
2012-02-06,1.571,1.469,1.723,1.543,1.727,1.683,1.228,1.240,1.259,1.321
2012-02-13,1.582,1.486,1.728,1.544,1.737,1.691,1.228,1.240,1.258,1.323
2012-02-20,1.603,1.502,1.742,1.552,1.752,1.702,1.272,1.258,1.256,1.321
2012-02-27,1.609,1.506,1.764,1.563,1.766,1.713,1.272,1.258,1.282,1.338
2012-03-05,1.623,1.509,1.775,1.568,1.771,1.716,1.253,1.242,1.285,1.341
2012-03-12,1.633,1.515,1.779,1.569,1.804,1.723,1.281,1.274,1.287,1.343
2012-03-19,1.651,1.527,1.804,1.583,1.818,1.731,1.309,1.297,1.280,1.335
2012-03-26,1.654,1.525,1.821,1.595,1.829,1.736,1.309,1.297,1.285,1.338
2012-04-02,1.672,1.521,1.834,1.594,1.843,1.738,1.327,1.287,1.280,1.333
2012-04-16,1.687,1.522,1.864,1.592,1.856,1.735,1.327,1.271,1.283,1.335
2012-04-23,1.677,1.514,1.854,1.584,1.854,1.731,1.314,1.255,1.261,1.303
2012-04-30,1.664,1.504,1.825,1.574,1.852,1.727,1.295,1.255,1.291,1.314
2012-05-07,1.652,1.509,1.793,1.567,1.831,1.722,1.281,1.255,1.302,1.332
2012-05-14,1.626,1.485,1.760,1.558,1.787,1.695,1.234,1.224,1.292,1.322
2012-05-21,1.610,1.475,1.740,1.547,1.777,1.685,1.234,1.224,1.284,1.321
2012-05-28,1.613,1.470,1.732,1.539,1.775,1.679,1.234,1.224,1.277,1.314
2012-06-04,1.603,1.456,1.732,1.534,1.778,1.678,1.211,1.209,1.281,1.312
2012-06-11,1.590,1.442,1.722,1.523,1.768,1.665,1.211,1.209,1.269,1.300
2012-06-18,1.579,1.435,1.692,1.499,1.755,1.649,1.211,1.209,1.257,1.286
2012-06-25,1.563,1.418,1.678,1.487,1.731,1.623,1.211,1.209,1.250,1.281
2012-07-02,1.561,1.414,1.664,1.473,1.720,1.614,1.185,1.175,1.238,1.270
2012-07-09,1.593,1.445,1.678,1.479,1.743,1.635,1.225,1.219,1.240,1.251
2012-07-16,1.604,1.460,1.717,1.500,1.758,1.649,1.238,1.234,1.224,1.254
2012-07-23,1.624,1.487,1.730,1.524,1.778,1.683,1.266,1.297,1.226,1.256
2012-07-30,1.620,1.491,1.743,1.547,1.779,1.688,1.247,1.260,1.243,1.273
2012-08-06,1.632,1.493,1.754,1.552,1.786,1.689,1.282,1.276,1.256,1.286
2012-08-13,1.658,1.519,1.777,1.559,1.812,1.711,1.298,1.292,1.285,1.316
2012-08-20,1.696,1.543,1.806,1.578,1.847,1.740,1.336,1.328,1.314,1.342
2012-08-27,1.700,1.548,1.838,1.597,1.870,1.759,1.336,1.328,1.335,1.362
2012-09-03,1.693,1.536,1.838,1.601,1.871,1.760,1.336,1.328,1.328,1.355
2012-09-10,1.706,1.545,1.833,1.601,1.890,1.778,1.336,1.328,1.348,1.370
2012-09-17,1.685,1.533,1.826,1.598,1.878,1.773,1.336,1.328,1.355,1.371
2012-09-24,1.674,1.516,1.786,1.587,1.846,1.747,1.312,1.302,1.316,1.353
2012-10-01,1.663,1.515,1.757,1.570,1.845,1.747,1.292,1.279,1.315,1.352
2012-10-08,1.664,1.524,1.765,1.569,1.837,1.745,1.372,1.341,1.301,1.337
2012-10-15,1.660,1.524,1.776,1.572,1.845,1.750,1.370,1.340,1.313,1.342
2012-10-22,1.636,1.519,1.769,1.521,1.825,1.747,1.373,1.356,1.290,1.341
2012-10-29,1.610,1.507,1.725,1.481,1.795,1.732,1.341,1.332,1.277,1.343
2012-11-05,1.599,1.501,1.699,1.457,1.763,1.716,1.334,1.324,1.253,1.335
2012-11-12,1.589,1.492,1.678,1.438,1.747,1.705,1.317,1.313,1.235,1.318
2012-11-19,1.593,1.489,1.679,1.434,1.750,1.708,1.291,1.295,1.233,1.316
2012-11-26,1.597,1.490,1.683,1.434,1.755,1.712,1.289,1.306,1.244,1.319
2012-12-03,1.583,1.486,1.683,1.435,1.750,1.708,1.288,1.314,1.239,1.325
2012-12-10,1.573,1.473,1.683,1.435,1.743,1.699,1.277,1.300,1.235,1.321
2012-12-17,1.564,1.458,1.679,1.421,1.745,1.697,1.267,1.288,1.253,1.329
2013-01-07,1.563,1.461,1.684,1.412,1.751,1.699,1.271,1.299,1.271,1.346
2013-01-14,1.565,1.463,1.702,1.416,1.759,1.700,1.281,1.302,1.296,1.358
2013-01-21,1.556,1.456,1.705,1.419,1.742,1.683,1.292,1.307,1.291,1.351
2013-01-28,1.560,1.457,1.710,1.419,1.751,1.691,1.287,1.305,1.291,1.345
2013-02-04,1.575,1.461,1.730,1.421,1.765,1.694,1.311,1.308,1.314,1.360
2013-02-11,1.591,1.473,1.745,1.424,1.778,1.697,1.332,1.312,1.326,1.358
2013-02-18,1.603,1.481,1.759,1.436,1.796,1.705,1.337,1.336,1.332,1.374
2013-02-25,1.600,1.474,1.774,1.442,1.810,1.711,1.355,1.359,1.364,1.378
2013-03-04,1.599,1.470,1.773,1.442,1.810,1.706,1.352,1.359,1.354,1.377
2013-03-11,1.583,1.457,1.751,1.431,1.804,1.699,1.342,1.353,1.326,1.356
2013-03-18,1.575,1.457,1.732,1.423,1.788,1.687,1.328,1.344,1.292,1.338
2013-03-25,1.587,1.454,1.729,1.418,1.780,1.679,1.327,1.343,1.306,1.331
2013-04-01,1.595,1.450,,,,,1.335,1.343,1.317,1.329
2013-04-08,1.502,1.457,1.731,1.414,1.771,1.667,1.339,1.340,1.304,1.330
2013-04-15,1.574,1.435,1.706,1.403,1.753,1.649,1.324,1.333,1.308,1.330
2013-04-22,1.551,1.408,1.670,1.375,1.723,1.622,1.304,1.324,1.264,1.293
2013-04-29,1.550,1.405,1.660,1.359,1.711,1.608,1.307,1.325,1.292,1.318
2013-05-06,1.544,1.396,1.662,1.357,1.713,1.608,1.323,1.329,1.294,1.321
2013-05-13,1.543,1.406,1.659,1.355,1.710,1.605,1.314,1.333,1.260,1.299
2013-05-20,1.554,1.418,1.665,1.358,1.717,1.615,1.307,1.333,1.270,1.300
2013-05-27,1.557,1.417,1.665,1.358,1.733,1.628,1.310,1.334,1.278,1.301
2013-06-03,1.556,1.414,1.689,1.371,1.736,1.631,1.307,1.333,1.272,1.282
2013-06-10,1.553,1.408,1.689,1.370,1.735,1.627,1.307,1.333,1.249,1.259
2013-06-17,1.552,1.407,1.687,1.367,1.731,1.622,1.307,1.333,1.280,1.292
2013-06-24,1.549,1.410,1.685,1.366,1.732,1.625,1.307,1.333,1.260,1.281
2013-07-01,1.557,1.418,1.681,1.365,1.735,1.626,1.296,1.326,1.263,1.297
2013-07-08,1.562,1.425,1.679,1.367,1.741,1.632,1.292,1.322,1.264,1.297
2013-07-15,1.583,1.442,1.700,1.384,1.762,1.653,1.300,1.335,1.294,1.336
2013-07-22,1.601,1.454,1.719,1.395,1.771,1.661,1.310,1.349,1.314,1.335
2013-07-29,1.590,1.444,1.724,1.398,1.771,1.661,1.330,1.358,1.313,1.334
2013-08-05,1.591,1.445,1.719,1.395,1.770,1.660,1.332,1.358,1.293,1.326
2013-08-12,1.585,1.442,1.714,1.393,1.769,1.658,1.332,1.358,1.271,1.319
2013-08-19,1.590,1.445,1.703,1.390,1.762,1.653,1.330,1.354,1.276,1.317
2013-08-26,1.590,1.450,1.712,1.395,1.769,1.660,1.328,1.358,1.285,1.326
2013-09-02,1.608,1.467,1.726,1.403,1.782,1.670,1.335,1.360,1.323,1.350
2013-09-09,1.608,1.474,1.732,1.415,1.786,1.681,1.337,1.363,1.308,1.335
2013-09-16,1.595,1.475,1.705,1.419,1.776,1.682,1.332,1.359,1.277,1.354
2013-09-23,1.576,1.459,1.686,1.414,1.754,1.678,1.332,1.358,1.256,1.334
2013-09-30,1.561,1.449,1.666,1.399,1.734,1.662,1.326,1.349,1.235,1.313
2013-10-07,1.546,1.440,1.660,1.390,1.734,1.663,1.314,1.331,1.245,1.323
2013-10-14,1.543,1.439,1.655,1.385,1.729,1.660,1.311,1.317,1.231,1.308
2013-10-21,1.543,1.438,1.655,1.384,1.727,1.658,1.312,1.313,1.258,1.322
2013-10-28,1.530,1.425,1.653,1.383,1.717,1.650,1.312,1.312,1.229,1.305
2013-11-04,1.524,1.420,1.638,1.372,1.701,1.634,1.312,1.312,1.214,1.294
2013-11-11,1.517,1.416,1.632,1.367,1.700,1.633,1.312,1.312,1.201,1.279
2013-11-18,1.527,1.420,1.634,1.365,1.702,1.635,1.312,1.312,1.220,1.299
2013-11-25,1.535,1.427,1.640,1.366,1.714,1.646,1.314,1.314,1.230,1.299
2013-12-02,1.541,1.437,1.646,1.372,1.726,1.657,1.319,1.326,1.236,1.312
2013-12-09,1.536,1.437,1.649,1.378,1.728,1.658,1.318,1.349,1.239,1.317
2013-12-16,1.528,1.428,1.651,1.380,1.728,1.656,1.319,1.359,1.219,1.295
2014-01-06,1.534,1.433,1.656,1.378,1.729,1.657,1.319,1.360,1.247,1.307
2014-01-13,1.527,1.423,1.652,1.376,1.723,1.650,1.319,1.358,1.221,1.290
2014-01-20,1.523,1.418,1.646,1.371,1.718,1.642,1.318,1.360,1.224,1.293
2014-01-27,1.523,1.420,1.646,1.371,1.715,1.639,1.307,1.360,1.234,1.300
2014-02-03,1.523,1.419,1.644,1.368,1.714,1.639,1.304,1.360,1.246,1.313
2014-02-10,1.523,1.419,1.646,1.368,1.711,1.636,1.304,1.360,1.247,1.302
2014-02-17,1.535,1.423,1.652,1.368,1.715,1.638,1.298,1.325,1.253,1.304
2014-02-24,1.534,1.424,1.660,1.370,1.718,1.637,1.283,1.304,1.254,1.306
2014-03-03,1.535,1.422,1.665,1.372,1.718,1.636,1.283,1.304,1.263,1.311
2014-03-10,1.526,1.415,1.666,1.373,1.717,1.635,1.275,1.295,1.255,1.301
2014-03-17,1.519,1.403,1.662,1.369,1.713,1.627,1.283,1.303,1.246,1.280
2014-03-24,1.517,1.397,1.660,1.363,1.705,1.616,1.283,1.303,1.255,1.282
2014-03-31,1.531,1.405,1.661,1.361,1.714,1.623,1.283,1.304,1.264,1.297
2014-04-07,1.538,1.408,1.664,1.361,1.723,1.627,1.286,1.307,1.377,1.392
2014-04-14,1.544,1.408,1.667,1.361,1.726,1.629,1.288,1.309,1.391,1.403
2014-04-28,1.561,1.419,1.684,1.364,1.738,1.633,1.288,1.309,1.404,1.415
2014-05-05,1.554,1.414,1.685,1.364,1.739,1.634,1.288,1.309,1.397,1.407
2014-05-12,1.555,1.411,1.677,1.359,1.736,1.630,1.288,1.309,1.382,1.402
2014-05-19,1.551,1.412,1.672,1.357,1.735,1.627,1.287,1.307,1.389,1.411
2014-05-26,1.558,1.421,1.676,1.360,1.739,1.629,1.286,1.306,1.403,1.417
2014-06-02,1.559,1.419,1.681,1.361,1.739,1.631,1.283,1.303,1.414,1.422
2014-06-09,1.564,1.411,1.681,1.360,1.740,1.629,1.281,1.301,1.403,1.404
2014-06-16,1.576,1.418,1.681,1.357,1.741,1.629,1.279,1.299,1.414,1.414
2014-06-23,1.586,1.428,1.696,1.367,1.753,1.637,1.279,1.299,1.415,1.426
2014-06-30,1.589,1.431,1.711,1.377,1.759,1.643,1.288,1.312,1.448,1.440
2014-07-07,1.592,1.428,1.714,1.378,1.762,1.643,1.294,1.319,1.431,1.426
2014-07-14,1.588,1.419,1.711,1.374,1.763,1.638,1.299,1.325,1.420,1.411
2014-07-21,1.581,1.415,1.705,1.367,1.759,1.627,1.304,1.329,1.405,1.396
2014-07-28,1.578,1.415,1.698,1.362,1.758,1.623,1.304,1.329,1.428,1.427
2014-08-04,1.566,1.412,1.694,1.362,1.755,1.623,1.304,1.329,1.403,1.413
2014-08-11,1.561,1.415,1.685,1.362,1.751,1.623,1.304,1.329,1.387,1.417
2014-08-18,1.555,1.410,1.679,1.361,1.749,1.622,1.304,1.329,1.389,1.424
2014-08-25,1.551,1.404,1.672,1.358,1.741,1.618,1.304,1.329,1.391,1.427
2014-09-01,1.558,1.411,1.668,1.357,1.739,1.617,1.304,1.329,1.398,1.426
2014-09-08,1.556,1.408,1.669,1.357,1.737,1.617,1.303,1.329,1.401,1.415
2014-09-15,1.558,1.409,1.670,1.358,1.735,1.615,1.304,1.329,1.394,1.413
2014-09-22,1.557,1.406,1.664,1.356,1.730,1.612,1.303,1.328,1.396,1.413
2014-09-29,1.554,1.402,1.660,1.352,1.724,1.607,1.283,1.308,1.376,1.399
2014-10-06,1.550,1.398,1.658,1.350,1.723,1.606,1.278,1.304,1.386,1.408
2014-10-13,1.540,1.386,1.658,1.350,1.718,1.599,1.278,1.304,1.371,1.395
2014-10-20,1.498,1.357,1.622,1.327,1.698,1.582,1.272,1.298,1.342,1.364
2014-10-27,1.493,1.356,1.595,1.311,1.681,1.570,1.242,1.271,1.329,1.362
2014-11-03,1.490,1.356,1.590,1.307,1.666,1.563,1.213,1.246,1.329,1.361
2014-11-10,1.483,1.354,1.587,1.305,1.657,1.556,1.195,1.227,1.309,1.344
2014-11-17,1.470,1.346,1.583,1.304,1.648,1.551,1.191,1.224,1.301,1.338
2014-11-24,1.463,1.333,1.562,1.292,1.635,1.541,1.191,1.224,1.271,1.319
2014-12-01,1.445,1.316,1.552,1.284,1.624,1.532,1.174,1.195,1.254,1.297
2014-12-08,1.417,1.293,1.524,1.259,1.596,1.506,1.169,1.189,1.233,1.278
2014-12-15,1.378,1.261,1.489,1.230,1.566,1.473,1.167,1.162,1.182,1.228
2015-01-05,1.328,1.220,1.426,1.174,1.506,1.426,1.117,1.066,1.136,1.183
2015-01-12,1.302,1.196,1.398,1.144,1.473,1.388,1.060,1.045,1.106,1.157
2015-01-19,1.286,1.177,1.377,1.120,1.448,1.360,0.984,1.011,1.090,1.139
2015-01-26,1.292,1.180,1.371,1.110,1.437,1.348,0.964,0.999,1.096,1.145
2015-02-02,1.295,1.185,1.377,1.113,1.446,1.356,0.961,0.997,1.122,1.172
2015-02-09,1.330,1.219,1.413,1.135,1.477,1.388,0.976,1.009,1.145,1.191
2015-02-16,1.351,1.244,1.444,1.164,1.514,1.424,1.024,1.050,1.171,1.216
2015-02-23,1.367,1.265,1.463,1.187,1.534,1.447,1.054,1.109,1.186,1.235
2015-03-02,1.385,1.279,1.473,1.199,1.547,1.460,1.087,1.153,1.212,1.250
2015-03-09,1.408,1.289,1.498,1.211,1.562,1.468,1.104,1.171,1.237,1.251
2015-03-16,1.423,1.291,1.511,1.218,1.576,1.467,1.111,1.173,1.240,1.253
2015-03-23,1.415,1.273,1.512,1.217,1.578,1.456,1.120,1.176,1.233,1.248
2015-03-30,1.423,1.272,1.509,1.211,1.578,1.451,1.120,1.176,1.249,1.243
2015-04-13,1.432,1.273,1.507,1.207,1.575,1.442,1.119,1.157,1.225,1.216
2015-04-20,1.450,1.292,1.524,1.218,1.585,1.452,1.118,1.158,1.250,1.238
2015-04-27,1.466,1.306,1.544,1.233,1.602,1.468,1.124,1.164,1.286,1.273
2015-05-04,1.466,1.305,1.558,1.242,1.611,1.476,1.149,1.187,1.295,1.285
2015-05-11,1.476,1.315,1.562,1.246,1.617,1.482,1.163,1.201,1.290,1.285
2015-05-18,1.472,1.312,1.559,1.247,1.616,1.483,1.164,1.198,1.291,1.292
2015-05-25,1.482,1.317,1.558,1.247,1.614,1.482,1.169,1.202,1.283,1.278
2015-06-01,1.477,1.311,1.559,1.247,1.616,1.485,1.169,1.202,1.292,1.285
2015-06-08,1.475,1.305,1.565,1.247,1.619,1.482,1.168,1.201,1.283,1.265
2015-06-15,1.486,1.302,1.567,1.244,1.623,1.474,1.170,1.202,1.290,1.254
2015-06-22,1.493,1.300,1.580,1.242,1.632,1.473,1.170,1.203,1.301,1.247
2015-06-29,1.490,1.298,1.577,1.238,1.628,1.464,1.180,1.203,1.284,1.233
2015-07-06,1.493,1.293,1.581,1.240,1.625,1.460,1.189,1.205,1.286,1.238
2015-07-13,1.502,1.281,1.582,1.237,1.628,1.453,1.190,1.206,1.306,1.233
2015-07-20,1.499,1.276,1.580,1.228,1.630,1.448,1.184,1.198,1.295,1.218
2015-07-27,1.482,1.259,1.571,1.218,1.616,1.433,1.180,1.190,1.283,1.210
2015-08-03,1.473,1.243,1.551,1.202,1.593,1.417,1.180,1.190,1.265,1.207
2015-08-10,1.457,1.229,1.534,1.188,1.574,1.402,1.178,1.188,1.226,1.182
2015-08-17,1.438,1.216,1.513,1.174,1.563,1.396,1.176,1.175,1.212,1.175
2015-08-24,1.400,1.197,1.498,1.163,1.543,1.382,1.164,1.160,1.169,1.151
2015-08-31,1.369,1.175,1.459,1.139,1.506,1.351,1.132,1.133,1.134,1.128
2015-09-07,1.370,1.187,1.443,1.131,1.498,1.357,1.104,1.104,1.158,1.153
2015-09-14,1.368,1.193,1.445,1.137,1.502,1.370,1.098,1.098,1.169,1.165
2015-09-21,1.361,1.188,1.437,1.136,1.488,1.359,1.077,1.085,1.158,1.155
2015-09-28,1.343,1.179,1.427,1.130,1.478,1.352,1.073,1.083,1.148,1.153
2015-10-05,1.334,1.178,1.424,1.129,1.473,1.349,1.073,1.083,1.147,1.153
2015-10-12,1.339,1.185,1.422,1.128,1.480,1.354,1.070,1.080,1.146,1.154
2015-10-19,1.329,1.175,1.420,1.126,1.476,1.350,1.070,1.080,1.134,1.138
2015-10-26,1.322,1.169,1.406,1.116,1.461,1.339,1.040,1.080,1.122,1.127
2015-11-02,1.326,1.173,1.401,1.111,1.456,1.338,1.036,1.069,1.131,1.134
2015-11-09,1.338,1.184,1.406,1.113,1.463,1.346,1.054,1.063,1.136,1.139
2015-11-16,1.344,1.187,1.408,1.116,1.461,1.344,1.047,1.060,1.138,1.142
2015-11-23,1.336,1.179,1.401,1.113,1.450,1.334,1.047,1.059,1.133,1.136
2015-11-30,1.337,1.177,1.403,1.111,1.458,1.339,1.047,1.058,1.138,1.137
2015-12-07,1.327,1.162,1.408,1.110,1.460,1.333,1.047,1.058,1.132,1.120
2015-12-14,1.301,1.129,1.396,1.095,1.451,1.312,1.043,1.055,1.106,1.075
2016-01-04,1.281,1.091,1.373,1.036,1.430,1.256,1.043,1.055,1.094,1.037
2016-01-11,1.274,1.081,1.371,1.028,1.427,1.247,1.043,1.055,1.095,1.032
2016-01-18,1.251,1.054,1.357,1.010,1.409,1.222,1.043,1.055,1.068,1.001
2016-01-25,1.247,1.037,1.338,0.986,1.392,1.196,1.043,1.055,1.056,0.984
2016-02-01,1.249,1.039,1.335,0.974,1.387,1.186,1.043,1.055,1.063,0.989
2016-02-08,1.239,1.044,1.339,0.975,1.392,1.198,1.043,1.055,1.067,1.010
2016-02-15,1.212,1.029,1.320,0.975,1.373,1.193,0.976,0.945,1.040,1.007
2016-02-22,1.215,1.041,1.302,0.973,1.362,1.192,0.940,0.907,1.007,0.986
2016-02-29,1.214,1.045,1.296,0.974,1.361,1.199,0.911,0.866,0.999,0.981
2016-03-07,1.224,1.059,1.303,0.981,1.371,1.207,0.904,0.857,1.021,1.002
2016-03-14,1.242,1.082,1.303,0.981,1.392,1.230,0.906,0.860,1.049,1.028
2016-03-21,1.249,1.089,1.347,1.019,1.407,1.243,0.909,0.868,1.064,1.040
2016-04-04,1.272,1.084,1.366,1.028,1.413,1.243,0.915,0.875,1.072,1.037
2016-04-11,1.271,1.072,1.362,1.021,1.411,1.226,0.916,0.876,1.068,1.017
2016-04-18,1.288,1.087,1.370,1.021,1.426,1.233,0.918,0.877,1.081,1.035
2016-04-25,1.301,1.102,1.378,1.027,1.439,1.247,0.920,0.878,1.087,1.046
2016-05-02,1.310,1.117,1.387,1.039,1.447,1.265,0.926,0.878,1.096,1.063
2016-05-09,1.305,1.117,1.390,1.045,1.449,1.274,0.942,0.896,1.089,1.058
2016-05-16,1.311,1.124,1.386,1.047,1.446,1.268,0.945,0.902,1.086,1.062
2016-05-23,1.325,1.143,1.403,1.065,1.463,1.289,0.949,0.920,1.093,1.070
2016-05-30,1.346,1.168,1.415,1.083,1.477,1.310,0.956,0.932,1.118,1.096
2016-06-06,1.345,1.170,1.431,1.104,1.484,1.321,0.961,0.901,1.119,1.101
2016-06-13,1.338,1.167,1.431,1.104,1.480,1.319,0.966,0.951,1.112,1.102
2016-06-20,1.335,1.164,1.428,1.112,1.474,1.318,1.019,0.925,1.097,1.092
2016-06-27,1.323,1.153,1.429,1.112,1.471,1.315,0.997,0.971,1.110,1.101
2016-07-04,1.319,1.153,1.430,1.112,1.468,1.312,0.999,0.927,1.105,1.102
2016-07-11,1.301,1.142,1.424,1.112,1.460,1.309,0.999,0.964,1.084,1.095
2016-07-18,1.299,1.141,1.411,1.108,1.449,1.304,0.998,0.967,1.080,1.089
2016-07-25,1.293,1.136,1.406,1.105,1.444,1.299,0.998,0.968,1.084,1.087
2016-08-01,1.279,1.120,1.400,1.100,1.432,1.289,0.997,0.967,1.066,1.066
2016-08-08,1.271,1.109,1.389,1.087,1.423,1.282,0.995,0.965,1.053,1.051
2016-08-15,1.269,1.112,1.388,1.083,1.427,1.282,0.994,0.963,1.069,1.065
2016-08-22,1.283,1.129,1.396,1.091,1.441,1.291,0.998,0.961,1.092,1.087
2016-08-29,1.294,1.141,1.409,1.102,1.455,1.307,1.000,0.961,1.108,1.103
2016-09-05,1.292,1.138,1.415,1.106,1.457,1.305,1.001,0.965,1.094,1.090
2016-09-12,1.300,1.141,1.413,1.104,1.452,1.299,1.020,0.960,1.099,1.101
2016-09-19,1.296,1.135,1.414,1.104,1.452,1.297,0.997,0.961,1.096,1.088
2016-09-26,1.291,1.135,1.415,1.106,1.452,1.297,0.993,0.961,1.101,1.092
2016-10-03,1.296,1.141,1.412,1.102,1.456,1.302,0.974,0.958,1.099,1.090
2016-10-10,1.303,1.154,1.423,1.112,1.471,1.318,0.993,0.959,1.098,1.088
2016-10-17,1.307,1.167,1.436,1.126,1.483,1.330,0.995,0.967,1.120,1.111
2016-10-24,1.315,1.175,1.440,1.133,1.487,1.335,1.009,0.976,1.139,1.130
2016-10-31,1.314,1.175,1.443,1.136,1.495,1.341,1.017,0.992,1.133,1.130
2016-11-07,1.311,1.168,1.440,1.136,1.487,1.339,1.012,0.987,1.113,1.103
2016-11-14,1.306,1.160,1.426,1.124,1.474,1.323,1.007,0.983,1.096,1.087
2016-11-21,1.301,1.157,1.418,1.118,1.458,1.311,1.009,0.985,1.093,1.087
2016-11-28,1.311,1.172,1.427,1.125,1.468,1.321,1.012,0.987,1.109,1.104
2016-12-05,1.327,1.185,1.434,1.131,1.479,1.333,1.009,0.987,1.119,1.115
2016-12-12,1.340,1.202,1.452,1.147,1.499,1.350,1.016,0.997,1.131,1.127
2016-12-19,1.353,1.218,1.466,1.161,1.509,1.369,1.016,0.997,1.148,1.144
2017-01-02,1.369,1.234,1.497,1.186,1.536,1.392,1.031,1.032,1.005,1.006
2017-01-09,1.375,1.246,1.545,1.280,1.550,1.405,1.036,1.043,1.058,1.052
2017-01-16,1.370,1.239,1.548,1.291,1.547,1.400,1.040,1.050,1.049,1.046
2017-01-23,1.375,1.238,1.548,1.293,1.545,1.397,1.045,1.053,1.070,1.059
2017-01-30,1.382,1.242,1.546,1.291,1.544,1.395,1.045,1.049,1.070,1.058
2017-02-06,1.382,1.242,1.544,1.291,1.546,1.398,1.045,1.045,1.071,1.061
2017-02-13,1.389,1.245,1.545,1.292,1.550,1.400,1.044,1.043,1.068,1.065
2017-02-20,1.391,1.246,1.548,1.294,1.555,1.403,1.039,1.040,1.072,1.062
2017-02-27,1.389,1.247,1.549,1.294,1.555,1.403,1.021,1.034,1.078,1.068
2017-03-06,1.380,1.243,1.549,1.294,1.555,1.404,1.021,1.034,1.056,1.061
2017-03-13,1.367,1.234,1.540,1.294,1.549,1.402,1.044,1.034,1.031,1.041
2017-03-20,1.353,1.220,1.525,1.286,1.539,1.394,1.036,1.032,1.017,1.021
2017-03-27,1.347,1.210,1.516,1.277,1.532,1.387,1.035,1.018,1.019,1.017
2017-04-03,1.358,1.213,1.512,1.272,1.527,1.383,1.031,1.017,1.047,1.019
2017-04-10,1.373,1.225,1.523,1.274,1.538,1.393,1.036,1.016,1.066,1.043
2017-04-24,1.386,1.237,1.523,1.274,1.559,1.410,1.045,1.031,1.084,1.057
2017-05-01,1.376,1.226,1.543,1.287,1.556,1.406,1.045,1.030,1.068,1.043
2017-05-08,1.359,1.209,1.524,1.274,1.540,1.392,1.043,1.026,1.041,1.020
2017-05-15,1.351,1.197,1.506,1.259,1.529,1.379,1.043,1.022,1.028,1.007
2017-05-22,1.349,1.197,1.503,1.255,1.525,1.376,1.036,1.015,1.029,1.003
2017-05-29,1.348,1.198,1.504,1.257,1.524,1.376,1.032,1.011,1.060,1.020
2017-06-05,1.344,1.192,1.503,1.257,1.519,1.371,1.030,1.008,1.033,1.006
2017-06-12,1.329,1.172,1.494,1.250,1.512,1.361,1.026,1.000,1.015,0.988
2017-06-19,1.323,1.165,1.478,1.234,1.503,1.353,1.011,0.977,0.989,0.969
2017-06-26,1.312,1.156,1.466,1.225,1.490,1.342,1.004,0.965,0.984,0.965
2017-07-03,1.309,1.154,1.460,1.221,1.489,1.337,1.002,0.958,0.992,0.972
2017-07-10,1.309,1.159,1.460,1.221,1.491,1.338,1.002,0.961,0.998,0.979
2017-07-17,1.313,1.162,1.460,1.221,1.487,1.335,1.000,0.961,0.997,0.977
2017-07-24,1.310,1.162,1.469,1.220,1.490,1.337,0.998,0.961,1.007,0.992
2017-07-31,1.312,1.165,1.470,1.221,1.494,1.341,0.999,0.967,1.005,0.994
2017-08-07,1.317,1.175,1.470,1.221,1.497,1.352,1.001,0.976,1.013,1.001
2017-08-14,1.319,1.177,1.470,1.221,1.499,1.354,1.002,0.989,1.011,1.000
2017-08-21,1.316,1.173,1.470,1.221,1.499,1.355,1.010,0.991,1.000,0.983
2017-08-28,1.318,1.172,1.488,1.236,1.499,1.354,1.006,0.987,1.010,0.987
2017-09-04,1.337,1.179,1.488,1.235,1.509,1.359,1.011,0.988,1.013,1.004
2017-09-11,1.352,1.195,1.506,1.244,1.523,1.369,1.017,0.996,1.019,1.013
2017-09-18,1.354,1.202,1.506,1.244,1.525,1.375,1.024,1.006,1.052,1.041
2017-09-25,1.352,1.210,1.509,1.252,1.522,1.373,1.025,1.008,1.058,1.062
2017-10-02,1.346,1.219,1.508,1.261,1.525,1.383,1.024,1.011,1.022,1.038
2017-10-09,1.340,1.218,1.506,1.270,1.526,1.385,1.025,1.017,1.076,1.097
2017-10-16,1.338,1.216,1.504,1.271,1.524,1.383,1.019,1.012,1.083,1.102
2017-10-23,1.337,1.218,1.503,1.270,1.524,1.388,1.014,1.004,1.088,1.106
2017-10-30,1.346,1.223,1.504,1.272,1.524,1.390,1.017,1.011,1.089,1.091
2017-11-06,1.361,1.234,1.513,1.280,1.533,1.402,1.022,1.016,1.109,1.131
2017-11-13,1.363,1.237,1.531,1.295,1.544,1.414,1.030,1.030,1.112,1.126
2017-11-20,1.364,1.244,1.531,1.295,1.548,1.417,1.033,1.023,1.117,1.132
2017-11-27,1.363,1.243,1.538,1.304,1.546,1.415,1.034,1.026,1.120,1.136
2017-12-04,1.364,1.245,1.535,1.303,1.546,1.416,1.038,1.030,1.117,1.136
2017-12-11,1.356,1.240,1.534,1.303,1.544,1.413,1.038,1.028,1.108,1.131
2017-12-18,1.361,1.246,1.534,1.303,1.549,1.420,1.043,1.034,1.117,1.141
2018-01-01,1.371,1.257,1.534,1.303,1.555,1.427,1.043,1.045,1.117,1.138
2018-01-08,1.378,1.279,1.540,1.312,1.562,1.436,1.044,1.041,1.139,1.161
2018-01-15,1.376,1.279,1.544,1.319,1.567,1.441,1.044,1.047,1.151,1.172
2018-01-22,1.380,1.280,1.549,1.324,1.571,1.447,1.044,1.047,1.145,1.168
2018-01-29,1.387,1.282,1.550,1.326,1.573,1.448,1.048,1.062,1.153,1.176
2018-02-05,1.385,1.280,1.549,1.324,1.573,1.448,1.056,1.066,1.155,1.172
2018-02-12,1.374,1.269,1.550,1.325,1.570,1.443,1.059,1.061,1.132,1.150
2018-02-19,1.359,1.253,1.550,1.325,1.553,1.424,1.049,1.047,1.111,1.127
2018-02-26,1.358,1.254,1.550,1.325,1.547,1.419,1.045,1.038,1.112,1.135
2018-03-05,1.353,1.254,1.528,1.309,1.549,1.425,1.042,1.044,1.118,1.142
2018-03-12,1.346,1.249,1.525,1.307,1.547,1.422,1.040,1.036,1.112,1.138
2018-03-19,1.349,1.251,1.524,1.306,1.544,1.419,1.041,1.030,1.116,1.134
2018-03-26,1.355,1.262,1.533,1.309,1.547,1.423,1.040,1.032,1.137,1.154
2018-04-09,1.380,1.274,1.533,1.309,1.556,1.433,1.043,1.037,1.147,1.170
2018-04-16,1.393,1.287,1.557,1.328,1.563,1.439,1.047,1.039,1.162,1.186
2018-04-23,1.397,1.293,1.564,1.338,1.573,1.450,1.054,1.047,1.166,1.191
2018-04-30,1.408,1.305,1.575,1.348,1.585,1.463,1.063,1.057,1.174,1.200
2018-05-07,1.416,1.312,1.587,1.361,1.593,1.470,1.078,1.074,1.183,1.204
2018-05-14,1.434,1.329,1.601,1.375,1.606,1.483,1.088,1.087,1.206,1.227
2018-05-21,1.457,1.352,1.624,1.397,1.623,1.502,1.103,1.100,1.239,1.262
2018-05-28,1.470,1.366,1.647,1.420,1.642,1.521,1.115,1.115,1.243,1.268
2018-06-04,1.472,1.369,1.654,1.427,1.649,1.529,1.124,1.123,1.252,1.273
2018-06-11,1.463,1.359,1.654,1.427,1.648,1.528,1.132,1.127,1.247,1.259
2018-06-18,1.457,1.355,1.642,1.419,1.645,1.525,1.138,1.130,1.222,1.237
2018-06-25,1.448,1.346,1.635,1.413,1.637,1.516,1.137,1.129,1.219,1.233
2018-07-02,1.449,1.345,1.633,1.410,1.632,1.512,1.133,1.127,1.227,1.242
2018-07-09,1.454,1.350,1.643,1.415,1.633,1.512,1.133,1.127,1.234,1.242
2018-07-16,1.455,1.350,1.645,1.417,1.632,1.511,1.134,1.129,1.229,1.241
2018-07-23,1.447,1.340,1.639,1.413,1.629,1.507,1.134,1.128,1.221,1.234
2018-07-30,1.455,1.345,1.637,1.410,1.628,1.505,1.133,1.130,1.223,1.237
2018-08-06,1.462,1.348,1.643,1.413,1.629,1.506,1.137,1.134,1.229,1.243
2018-08-13,1.461,1.347,1.644,1.414,1.629,1.506,1.139,1.133,1.228,1.235
2018-08-20,1.461,1.351,1.644,1.415,1.628,1.505,1.139,1.137,1.229,1.236
2018-08-27,1.464,1.353,1.643,1.416,1.629,1.507,1.139,1.134,1.236,1.242
2018-09-03,1.469,1.361,1.643,1.418,1.634,1.513,1.141,1.136,1.245,1.262
2018-09-10,1.479,1.376,1.647,1.425,1.643,1.524,1.143,1.138,1.256,1.273
2018-09-17,1.481,1.378,1.646,1.427,1.643,1.525,1.147,1.138,1.252,1.272
2018-09-24,1.475,1.374,1.641,1.427,1.642,1.525,1.151,1.141,1.246,1.267
2018-10-01,1.475,1.381,1.640,1.427,1.644,1.528,1.151,1.145,1.245,1.268
2018-10-08,1.490,1.409,1.660,1.453,1.658,1.548,1.155,1.156,1.244,1.275
2018-10-15,1.486,1.418,1.667,1.474,1.665,1.566,1.170,1.179,1.239,1.295
2018-10-22,1.481,1.416,1.658,1.473,1.661,1.567,1.184,1.190,1.228,1.279
2018-10-29,1.480,1.421,1.642,1.467,1.656,1.565,1.197,1.200,1.221,1.274
2018-11-05,1.482,1.429,1.631,1.464,1.649,1.562,1.187,1.196,1.205,1.281
2018-11-12,1.466,1.421,1.605,1.454,1.637,1.554,1.155,1.183,1.180,1.272
2018-11-19,1.445,1.403,1.583,1.445,1.619,1.544,1.097,1.173,1.160,1.256
2018-11-26,1.425,1.386,1.554,1.425,1.596,1.527,1.058,1.158,1.133,1.228
2018-12-03,1.399,1.362,1.530,1.398,1.565,1.501,1.033,1.137,1.108,1.198
2018-12-10,1.377,1.340,1.518,1.379,1.534,1.475,1.006,1.100,1.097,1.183
2018-12-17,1.364,1.327,1.510,1.368,1.520,1.461,1.001,1.091,1.090,1.175
2019-01-07,1.330,1.285,1.475,1.330,1.486,1.429,0.979,1.074,1.066,1.140
2019-01-14,1.334,1.292,1.481,1.331,1.483,1.426,0.976,1.070,1.093,1.158
2019-01-21,1.337,1.303,1.488,1.337,1.492,1.436,0.975,1.065,1.066,1.154
2019-01-28,1.340,1.309,1.491,1.341,1.494,1.441,0.994,1.067,1.055,1.145
2019-02-04,1.338,1.310,1.490,1.342,1.499,1.446,0.983,1.072,1.089,1.166
2019-02-11,1.339,1.312,1.492,1.345,1.508,1.452,0.993,1.081,1.101,1.179
2019-02-18,1.349,1.322,1.506,1.357,1.518,1.462,1.002,1.091,1.109,1.192
2019-02-25,1.357,1.335,1.531,1.376,1.535,1.480,1.012,1.100,1.119,1.203
2019-03-04,1.367,1.344,1.539,1.381,1.542,1.487,1.031,1.118,1.137,1.216
2019-03-11,1.374,1.348,1.548,1.386,1.549,1.493,1.036,1.119,1.136,1.213
2019-03-18,1.378,1.348,1.563,1.388,1.554,1.496,1.041,1.121,1.149,1.213
2019-03-25,1.395,1.348,1.572,1.389,1.563,1.497,1.058,1.127,1.161,1.228
2019-04-01,1.412,1.344,1.590,1.390,1.574,1.498,1.064,1.130,1.169,1.220
2019-04-08,1.432,1.349,1.611,1.394,1.589,1.499,1.065,1.127,1.188,1.229
2019-04-15,1.453,1.359,1.630,1.400,1.605,1.506,1.134,1.128,1.201,1.237
2019-04-29,1.476,1.374,1.648,1.410,1.626,1.520,1.098,1.130,1.217,1.249
2019-05-06,1.486,1.380,1.651,1.413,1.628,1.519,1.111,1.135,1.223,1.251
2019-05-13,1.479,1.374,1.645,1.414,1.626,1.518,1.123,1.140,1.220,1.248
2019-05-20,1.486,1.376,1.641,1.414,1.624,1.518,1.134,1.144,1.219,1.250
2019-05-27,1.491,1.375,1.645,1.418,1.631,1.525,1.136,1.145,1.218,1.243
2019-06-03,1.487,1.367,1.638,1.411,1.622,1.514,1.131,1.141,1.209,1.235
2019-06-10,1.458,1.339,1.611,1.389,1.606,1.497,1.126,1.135,1.186,1.211
2019-06-17,1.443,1.325,1.601,1.377,1.596,1.487,1.116,1.120,1.178,1.203
2019-06-24,1.436,1.322,1.594,1.371,1.590,1.481,1.109,1.108,1.165,1.190
2019-07-01,1.436,1.324,1.599,1.374,1.589,1.479,1.108,1.106,1.166,1.190
2019-07-08,1.435,1.320,1.605,1.377,1.590,1.481,1.113,1.104,1.170,1.189
2019-07-15,1.445,1.327,1.623,1.382,1.597,1.484,1.111,1.107,1.182,1.195
2019-07-22,1.439,1.328,1.629,1.385,1.600,1.487,1.115,1.112,1.185,1.197
2019-07-29,1.439,1.326,1.625,1.384,1.592,1.478,1.113,1.112,1.192,1.202
2019-08-05,1.435,1.325,1.625,1.385,1.592,1.479,1.113,1.115,1.195,1.205
2019-08-12,1.417,1.309,1.612,1.376,1.580,1.467,1.111,1.115,1.182,1.181
2019-08-19,1.413,1.310,1.604,1.371,1.572,1.459,1.109,1.111,1.167,1.168
2019-08-26,1.409,1.309,1.598,1.370,1.569,1.457,1.107,1.106,1.156,1.169
2019-09-02,1.404,1.308,1.595,1.370,1.566,1.455,1.105,1.103,1.157,1.185
2019-09-09,1.408,1.316,1.590,1.369,1.565,1.455,1.100,1.100,1.142,1.186
2019-09-16,1.409,1.324,1.589,1.374,1.571,1.463,1.100,1.100,1.146,1.190
2019-09-23,1.422,1.342,1.611,1.394,1.590,1.483,1.105,1.106,1.159,1.203
2019-09-30,1.420,1.341,1.611,1.396,1.592,1.486,1.109,1.114,1.170,1.215
2019-10-07,1.416,1.333,1.605,1.392,1.586,1.479,1.111,1.114,1.167,1.213
2019-10-14,1.414,1.333,1.596,1.386,1.579,1.473,1.108,1.112,1.158,1.204
2019-10-21,1.413,1.335,1.587,1.383,1.574,1.470,1.107,1.111,1.147,1.177
2019-10-28,1.409,1.332,1.582,1.383,1.572,1.468,1.108,1.112,1.141,1.198
2019-11-04,1.412,1.333,1.583,1.383,1.572,1.469,1.107,1.113,1.147,1.205
2019-11-11,1.417,1.334,1.588,1.383,1.574,1.470,1.109,1.113,1.151,1.203
2019-11-18,1.417,1.335,1.589,1.383,1.574,1.470,1.109,1.114,1.153,1.193
2019-11-25,1.419,1.335,1.590,1.383,1.577,1.470,1.105,1.112,1.155,1.187
2019-12-02,1.421,1.338,1.597,1.386,1.581,1.476,1.105,1.110,1.161,1.193
2019-12-09,1.421,1.341,1.595,1.385,1.580,1.476,1.105,1.112,1.155,1.187
2019-12-16,1.420,1.346,1.591,1.383,1.578,1.474,1.106,1.111,1.145,1.180
2020-01-06,1.431,1.359,1.616,1.398,1.590,1.489,1.108,1.123,1.087,1.116
2020-01-13,1.427,1.357,1.623,1.401,1.594,1.493,1.110,1.121,1.098,1.139
2020-01-20,1.422,1.344,1.621,1.395,1.587,1.489,1.109,1.119,1.094,1.135
2020-01-27,1.415,1.331,1.617,1.385,1.587,1.482,1.109,1.115,1.086,1.124
2020-02-03,1.404,1.311,1.605,1.368,1.570,1.469,1.108,1.112,1.076,1.112
2020-02-10,1.399,1.297,1.596,1.351,1.555,1.451,1.107,1.110,1.072,1.098
2020-02-17,1.400,1.294,1.592,1.344,1.547,1.441,1.106,1.105,1.062,1.087
2020-02-24,1.405,1.292,1.596,1.343,1.546,1.439,1.102,1.095,1.064,1.090
2020-03-02,1.383,1.274,1.592,1.338,1.540,1.432,1.099,1.089,1.046,1.073
2020-03-09,1.362,1.252,1.562,1.311,1.522,1.414,1.093,1.081,1.036,1.068
2020-03-16,1.304,1.200,1.500,1.260,1.497,1.389,1.060,1.058,0.982,1.016
2020-03-23,1.251,1.157,1.440,1.214,1.477,1.368,1.013,1.009,0.946,0.979
2020-03-30,1.223,1.142,1.407,1.191,1.457,1.348,0.959,0.946,0.936,0.971
2020-04-06,1.206,1.130,1.376,1.170,1.437,1.328,0.910,0.910,0.933,0.969
2020-04-20,1.189,1.110,1.347,1.150,1.411,1.306,0.881,0.877,0.924,0.962
2020-04-27,1.167,1.086,1.324,1.121,1.392,1.287,0.868,0.865,0.906,0.945
2020-05-04,1.161,1.070,1.311,1.096,1.374,1.267,0.843,0.838,0.876,0.915
2020-05-11,1.168,1.066,1.317,1.092,1.362,1.253,0.822,0.817,0.875,0.914
2020-05-18,1.177,1.068,1.323,1.092,1.357,1.247,0.817,0.809,0.874,0.912
2020-05-25,1.194,1.082,1.349,1.106,1.367,1.256,0.826,0.823,0.874,0.912
2020-06-01,1.206,1.091,1.360,1.110,1.371,1.261,0.835,0.837,0.873,0.912
2020-06-08,1.219,1.098,1.364,1.114,1.371,1.260,0.836,0.836,0.875,0.913
2020-06-15,1.232,1.108,1.388,1.124,1.378,1.266,0.842,0.844,0.894,0.928
2020-06-22,1.249,1.116,1.403,1.134,1.385,1.273,0.850,0.853,0.905,0.928
2020-06-29,1.256,1.123,1.422,1.147,1.399,1.286,0.858,0.858,0.914,0.934
2020-07-06,1.260,1.126,1.425,1.150,1.401,1.288,0.864,0.863,0.921,0.941
2020-07-13,1.269,1.133,1.429,1.155,1.404,1.290,0.873,0.874,0.928,0.942
2020-07-20,1.267,1.134,1.430,1.157,1.405,1.291,0.878,0.881,0.936,0.949
2020-07-27,1.274,1.141,1.431,1.159,1.404,1.290,0.884,0.887,0.941,0.948
2020-08-03,1.266,1.136,1.428,1.157,1.402,1.288,0.884,0.887,0.927,0.935
2020-08-10,1.267,1.136,1.427,1.157,1.398,1.284,0.892,0.875,0.933,0.940
2020-08-17,1.273,1.136,1.430,1.158,1.398,1.285,0.893,0.875,0.934,0.941
2020-08-24,1.274,1.135,1.431,1.157,1.400,1.286,0.893,0.875,0.916,0.924
2020-08-31,1.279,1.132,1.433,1.157,1.400,1.285,0.894,0.889,0.921,0.921
2020-09-07,1.274,1.124,1.432,1.154,1.398,1.282,0.896,0.886,0.919,0.912
2020-09-14,1.267,1.111,1.427,1.144,1.392,1.274,0.896,0.879,0.913,0.889
2020-09-21,1.267,1.104,1.423,1.136,1.389,1.267,0.894,0.867,0.910,0.883
2020-09-28,1.263,1.098,1.423,1.134,1.390,1.265,0.893,0.861,0.909,0.882
2020-10-05,1.266,1.100,1.424,1.134,1.388,1.263,0.893,0.861,0.914,0.894
2020-10-12,1.269,1.103,1.423,1.132,1.389,1.261,0.896,0.863,0.934,0.904
2020-10-19,1.262,1.102,1.422,1.132,1.389,1.260,0.898,0.867,0.934,0.906
2020-10-26,1.253,1.099,1.419,1.132,1.388,1.259,0.899,0.868,0.938,0.910
2020-11-02,1.237,1.094,1.412,1.126,1.384,1.255,0.899,0.868,0.923,0.896
2020-11-09,1.236,1.097,1.408,1.122,1.378,1.249,0.897,0.866,0.921,0.900
2020-11-16,1.248,1.110,1.414,1.128,1.385,1.255,0.896,0.866,0.932,0.913
2020-11-23,1.253,1.119,1.415,1.131,1.393,1.264,0.894,0.868,0.948,0.929
2020-11-30,1.263,1.132,1.420,1.141,1.404,1.275,0.894,0.872,0.947,0.936
2020-12-07,1.264,1.138,1.423,1.146,1.409,1.284,0.894,0.878,0.952,0.948
2020-12-14,1.268,1.148,1.427,1.153,1.413,1.288,0.895,0.883,1.000,0.969
2020-12-21,1.277,1.157,1.432,1.160,1.428,1.304,0.897,0.891,0.975,0.977
2021-01-11,1.317,1.197,1.446,1.198,1.450,1.325,0.907,0.904,0.998,1.007
2021-01-18,1.335,1.212,1.469,1.218,1.466,1.339,0.917,0.918,1.009,1.013
2021-01-25,1.341,1.217,1.479,1.227,1.476,1.346,0.917,0.918,1.023,1.024
2021-02-01,1.344,1.219,1.483,1.230,1.480,1.351,0.937,0.933,1.022,1.023
2021-02-08,1.359,1.233,1.499,1.242,1.489,1.361,0.943,0.937,1.036,1.035
2021-02-15,1.369,1.250,1.520,1.262,1.500,1.373,0.954,0.952,1.056,1.055
2021-02-22,1.389,1.267,1.539,1.280,1.519,1.391,0.954,0.952,1.073,1.072
2021-03-01,1.402,1.279,1.559,1.298,1.537,1.408,0.954,0.952,1.086,1.086
2021-03-08,1.419,1.286,1.572,1.306,1.550,1.421,0.954,0.952,1.091,1.091
2021-03-15,1.441,1.302,1.593,1.320,1.566,1.436,0.954,0.952,1.108,1.103
2021-03-22,1.442,1.302,1.601,1.324,1.579,1.445,1.019,1.000,1.118,1.104
2021-03-29,1.440,1.295,1.600,1.322,1.575,1.440,1.022,0.999,1.099,1.080
2021-04-12,1.447,1.294,1.600,1.319,1.574,1.435,1.029,1.000,1.109,1.079
2021-04-19,1.452,1.295,1.600,1.319,1.574,1.436,1.032,1.000,1.121,1.091
2021-04-26,1.453,1.297,1.600,1.317,1.577,1.438,1.032,1.004,1.117,1.089
2021-05-03,1.455,1.299,1.600,1.317,1.579,1.439,1.032,1.004,1.116,1.079
2021-05-10,1.469,1.313,1.609,1.325,1.588,1.447,1.033,1.010,1.127,1.099
2021-05-17,1.470,1.316,1.613,1.329,1.593,1.453,1.033,1.010,1.128,1.100
2021-05-24,1.471,1.319,1.612,1.331,1.592,1.451,1.040,1.019,1.125,1.099
2021-05-31,1.471,1.319,1.610,1.330,1.590,1.448,1.039,1.018,1.123,1.099
2021-06-07,1.471,1.328,1.613,1.334,1.599,1.458,1.039,1.018,1.145,1.114
2021-06-14,1.483,1.335,1.618,1.342,1.605,1.465,1.045,1.026,1.144,1.119
2021-06-21,1.490,1.344,1.629,1.353,1.614,1.474,1.045,1.026,1.153,1.131
2021-06-28,1.509,1.358,1.649,1.370,1.625,1.486,1.062,1.046,1.160,1.140
2021-07-05,1.519,1.364,1.662,1.380,1.634,1.495,1.075,1.055,1.172,1.155
2021-07-12,1.526,1.368,1.674,1.388,1.650,1.508,1.075,1.055,1.182,1.163
2021-07-19,1.534,1.371,1.683,1.394,1.655,1.513,1.099,1.077,1.193,1.170
2021-07-26,1.533,1.369,1.683,1.393,1.654,1.511,1.099,1.077,1.200,1.174
2021-08-02,1.542,1.373,1.690,1.396,1.656,1.510,1.099,1.077,1.214,1.176
2021-08-09,1.543,1.373,1.692,1.398,1.657,1.510,1.131,1.110,1.212,1.171
2021-08-16,1.542,1.370,1.690,1.395,1.656,1.508,1.131,1.110,1.203,1.163
2021-08-23,1.532,1.362,1.686,1.392,1.652,1.503,1.131,1.110,1.185,1.149
2021-08-30,1.536,1.368,1.682,1.390,1.650,1.500,1.134,1.107,1.181,1.149
2021-09-06,1.544,1.374,1.682,1.392,1.655,1.504,1.133,1.107,1.197,1.166
2021-09-13,1.550,1.381,1.695,1.397,1.662,1.510,1.134,1.107,1.208,1.171
2021-09-20,1.554,1.391,1.702,1.403,1.671,1.517,1.137,1.109,1.221,1.177
2021-09-27,1.554,1.404,1.703,1.413,1.676,1.523,1.137,1.114,1.214,1.183
2021-10-04,1.575,1.432,1.711,1.438,1.687,1.537,1.143,1.130,1.233,1.208
2021-10-11,1.603,1.467,1.739,1.474,1.713,1.567,1.159,1.151,1.257,1.233
2021-10-18,1.626,1.493,1.753,1.496,1.734,1.593,1.179,1.181,1.277,1.255
2021-10-25,1.633,1.501,1.765,1.510,1.746,1.608,1.190,1.196,1.278,1.272
2021-11-01,1.643,1.508,1.773,1.515,1.749,1.613,1.199,1.196,1.283,1.280
2021-11-08,1.654,1.510,1.774,1.515,1.751,1.614,1.209,1.212,1.277,1.269
2021-11-15,1.654,1.509,1.768,1.514,1.750,1.613,1.210,1.221,1.256,1.267
2021-11-22,1.646,1.503,1.764,1.512,1.747,1.611,1.215,1.236,1.252,1.256
2021-11-29,1.632,1.498,1.763,1.509,1.743,1.607,1.213,1.237,1.244,1.256
2021-12-06,1.605,1.484,1.740,1.485,1.733,1.598,1.203,1.227,1.217,1.221
2021-12-13,1.601,1.476,1.740,1.485,1.725,1.590,1.193,1.216,1.215,1.210
2021-12-20,1.594,1.470,1.737,1.477,1.722,1.587,1.193,1.216,1.218,1.215
2022-01-03,1.615,1.483,1.747,1.482,1.723,1.588,1.193,1.216,1.254,1.240
2022-01-10,1.624,1.505,1.761,1.494,1.733,1.598,1.198,1.216,1.266,1.256
2022-01-17,1.634,1.522,1.778,1.518,1.754,1.620,1.193,1.227,1.285,1.276
2022-01-24,1.649,1.541,1.778,1.518,1.779,1.647,1.227,1.251,1.307,1.294
2022-01-31,1.669,1.561,1.824,1.566,1.797,1.667,1.241,1.267,1.320,1.310
2022-02-07,1.673,1.566,1.850,1.593,1.819,1.691,1.256,1.281,1.361,1.346
2022-02-14,1.688,1.578,1.865,1.607,1.835,1.708,1.265,1.286,1.364,1.354
2022-02-21,1.698,1.586,1.884,1.621,1.850,1.722,1.283,1.300,1.378,1.371
2022-02-28,1.735,1.625,1.913,1.645,1.869,1.740,1.334,1.346,1.395,1.398
2022-03-07,1.845,1.779,1.944,1.685,1.953,1.829,1.375,1.386,1.482,1.500
2022-03-14,1.999,2.014,2.110,1.997,2.185,2.155,1.445,1.470,1.611,1.633
2022-03-21,1.931,1.929,2.040,1.907,2.137,2.125,1.467,1.484,1.612,1.634
2022-03-28,1.899,1.949,2.067,1.977,1.870,1.858,1.463,1.496,1.596,1.698
2022-04-04,1.850,1.874,2.059,1.894,1.793,1.788,1.481,1.496,1.565,1.693
2022-04-11,1.821,1.821,2.046,1.817,1.765,1.761,1.485,1.549,1.562,1.704
2022-04-25,1.830,1.853,2.074,1.825,1.766,1.767,1.485,1.549,1.537,1.699
2022-05-02,1.848,1.873,2.107,1.858,1.778,1.791,1.496,1.581,1.547,1.712
2022-05-09,1.882,1.899,2.171,1.911,1.808,1.831,1.519,1.620,1.586,1.749
2022-05-16,1.918,1.872,2.205,1.890,1.823,1.828,1.541,1.635,1.611,1.757
2022-05-23,1.960,1.851,2.267,1.869,1.873,1.820,1.577,1.645,1.631,1.754
2022-05-30,1.988,1.850,2.277,1.862,1.885,1.813,1.595,1.644,1.654,1.762
2022-06-06,2.008,1.903,2.356,1.933,1.941,1.852,1.625,1.655,1.678,1.785
2022-06-13,2.034,1.980,2.408,2.035,2.014,1.935,1.665,1.690,1.726,1.826
2022-06-20,2.032,2.027,2.424,2.113,2.063,2.006,1.691,1.741,1.732,1.837
2022-06-27,2.013,2.033,2.400,2.126,2.074,2.034,1.714,1.787,1.733,1.839
2022-07-04,1.992,1.996,2.392,2.076,2.065,2.023,1.724,1.793,1.727,1.833
2022-07-11,1.958,1.950,2.344,2.012,2.028,1.982,1.708,1.783,1.722,1.831
2022-07-18,1.925,1.933,2.279,1.980,1.989,1.941,1.708,1.783,1.710,1.832
2022-07-25,1.876,1.899,2.184,1.933,1.937,1.894,1.692,1.767,1.681,1.807
2022-08-01,1.851,1.874,2.154,1.900,1.877,1.852,1.640,1.726,1.675,1.802
2022-08-08,1.795,1.828,2.087,1.843,1.831,1.811,1.615,1.696,1.651,1.776
2022-08-15,1.767,1.799,2.043,1.806,1.770,1.757,1.589,1.676,1.669,1.763
2022-08-22,1.755,1.820,2.043,1.839,1.749,1.744,1.574,1.655,1.655,1.766
2022-08-29,1.769,1.903,2.052,1.941,1.761,1.809,1.558,1.665,1.666,1.796
2022-09-05,1.798,1.901,2.001,1.941,1.747,1.838,1.543,1.665,1.640,1.832
2022-09-12,1.766,1.886,1.964,1.912,1.722,1.828,1.512,1.645,1.568,1.820
2022-09-19,1.739,1.830,1.954,1.864,1.691,1.803,1.477,1.614,1.536,1.754
2022-09-26,1.716,1.799,1.949,1.823,1.656,1.762,1.451,1.601,1.489,1.725
2022-10-03,1.723,1.805,1.983,1.895,1.633,1.738,1.451,1.603,1.463,1.701
2022-10-10,1.774,1.890,2.017,2.053,1.660,1.789,1.451,1.610,1.473,1.719
2022-10-17,1.808,1.961,2.035,2.141,1.698,1.883,1.429,1.641,1.507,1.766
2022-10-24,1.787,1.965,2.026,2.139,1.691,1.880,1.428,1.666,1.534,1.803
2022-10-31,1.779,1.954,2.037,2.109,1.678,1.866,1.423,1.666,1.541,1.805
2022-11-07,1.791,1.932,2.094,2.091,1.688,1.859,1.417,1.662,1.558,1.830
2022-11-14,1.777,1.886,2.106,2.071,1.710,1.852,1.417,1.669,1.566,1.833
2022-11-21,1.734,1.850,2.052,1.994,1.697,1.810,1.408,1.654,1.539,1.796
2022-11-28,1.699,1.805,1.989,1.933,1.660,1.748,1.381,1.631,1.508,1.762
2022-12-05,1.685,1.779,1.957,1.890,1.689,1.765,1.353,1.601,1.470,1.716
2022-12-12,1.646,1.727,1.858,1.807,1.702,1.770,1.318,1.560,1.343,1.584
2022-12-19,1.630,1.722,1.828,1.792,1.663,1.717,1.282,1.518,1.330,1.567
2022-12-26,1.625,1.716,1.827,1.791,1.625,1.690,1.287,1.525,1.296,1.533
2023-01-02,1.666,1.753,1.846,1.796,1.827,1.891,1.234,1.459,1.285,1.525
2023-01-09,1.687,1.767,1.855,1.791,1.812,1.868,1.317,1.487,1.277,1.474
2023-01-16,1.693,1.765,1.857,1.783,1.814,1.864,1.301,1.465,1.287,1.488
2023-01-23,1.716,1.780,1.895,1.804,1.829,1.875,1.297,1.463,1.320,1.513
2023-01-30,1.741,1.795,1.919,1.822,1.871,1.912,1.306,1.479,1.341,1.538
2023-02-06,1.724,1.756,1.909,1.779,1.872,1.897,1.307,1.483,1.343,1.523
2023-02-13,1.721,1.719,1.895,1.724,1.860,1.853,1.307,1.459,1.344,1.485
2023-02-20,1.724,1.707,1.902,1.718,1.860,1.837,1.303,1.443,1.351,1.477
2023-02-27,1.720,1.688,1.898,1.704,1.856,1.822,1.302,1.430,1.349,1.465
2023-03-06,1.728,1.694,1.901,1.710,1.853,1.809,1.299,1.422,1.367,1.481
2023-03-13,1.729,1.690,1.909,1.713,1.860,1.813,1.299,1.422,1.398,1.504
2023-03-20,1.708,1.664,1.896,1.687,1.855,1.802,1.297,1.408,1.353,1.471
2023-03-27,1.715,1.654,1.900,1.665,1.851,1.801,1.292,1.383,1.350,1.449
2023-04-03,1.734,1.640,1.918,1.653,1.858,1.767,1.293,1.361,1.351,1.436
2023-04-10,1.758,1.645,1.940,1.654,1.875,1.767,1.295,1.348,1.413,1.491
2023-04-17,1.766,1.639,1.948,1.655,1.886,1.766,1.304,1.346,1.417,1.480
2023-04-24,1.740,1.606,1.915,1.631,1.878,1.746,1.309,1.334,1.335,1.364
2023-05-01,1.729,1.577,1.880,1.596,1.858,1.711,1.303,1.303,1.341,1.352
2023-05-08,1.706,1.545,1.837,1.550,1.835,1.680,1.296,1.275,1.359,1.375
2023-05-15,1.699,1.530,1.827,1.538,1.812,1.654,1.290,1.247,1.358,1.375
2023-05-22,1.701,1.529,1.833,1.547,1.808,1.650,1.288,1.242,1.322,1.325
2023-05-29,1.715,1.534,1.861,1.556,1.818,1.662,1.288,1.239,1.335,1.332
2023-06-05,1.712,1.534,1.865,1.558,1.822,1.661,1.288,1.234,1.341,1.331
2023-06-12,1.725,1.546,1.877,1.570,1.831,1.668,1.292,1.234,1.364,1.350
2023-06-19,1.722,1.549,1.874,1.572,1.841,1.677,1.294,1.234,1.371,1.354
2023-06-26,1.722,1.566,1.873,1.585,1.852,1.690,1.295,1.237,1.355,1.350
2023-07-03,1.728,1.562,1.863,1.578,1.846,1.685,1.296,1.234,1.350,1.348
2023-07-10,1.726,1.566,1.869,1.583,1.845,1.684,1.296,1.244,1.352,1.349
2023-07-17,1.737,1.583,1.883,1.602,1.860,1.703,1.296,1.249,1.353,1.351
2023-07-24,1.747,1.591,1.901,1.613,1.864,1.710,1.306,1.253,1.358,1.356
2023-07-31,1.787,1.634,1.948,1.658,1.898,1.746,1.328,1.278,1.383,1.380
2023-08-07,1.800,1.682,1.959,1.712,1.929,1.796,1.358,1.319,1.395,1.410
2023-08-14,1.812,1.709,1.966,1.742,1.939,1.828,1.373,1.354,1.429,1.456
2023-08-21,1.816,1.712,1.990,1.750,1.946,1.845,1.391,1.378,1.450,1.480
2023-08-28,1.827,1.721,1.991,1.761,1.948,1.847,1.401,1.388,1.450,1.485
2023-09-04,1.834,1.733,1.994,1.769,1.954,1.856,1.412,1.401,1.447,1.490
2023-09-11,1.830,1.746,2.002,1.789,1.970,1.877,1.422,1.413,1.448,1.498
2023-09-18,1.838,1.779,2.037,1.844,1.997,1.924,1.437,1.434,1.456,1.510
2023-09-25,1.839,1.788,2.040,1.853,2.002,1.938,1.450,1.451,1.467,1.534
2023-10-02,1.824,1.782,2.005,1.854,1.992,1.932,1.450,1.449,1.458,1.546
2023-10-09,1.789,1.767,1.930,1.835,1.963,1.922,1.444,1.455,1.432,1.543
2023-10-16,1.765,1.751,1.896,1.803,1.919,1.897,1.427,1.446,1.418,1.531
2023-10-23,1.764,1.756,1.896,1.812,1.895,1.884,1.423,1.444,1.414,1.534
2023-10-30,1.755,1.743,1.896,1.804,1.873,1.865,1.422,1.446,1.407,1.531
2023-11-06,1.757,1.746,1.888,1.780,1.854,1.848,1.413,1.434,1.401,1.516
2023-11-13,1.739,1.716,1.874,1.745,1.835,1.824,1.401,1.421,1.375,1.486
2023-11-20,1.720,1.697,1.869,1.720,1.816,1.797,1.391,1.411,1.354,1.467
2023-11-27,1.718,1.692,1.863,1.705,1.805,1.785,,,1.346,1.459
2023-12-04,1.702,1.677,1.856,1.697,1.797,1.773,1.374,1.386,1.344,1.458
2023-12-11,1.682,1.653,1.828,1.671,1.780,1.754,1.358,1.369,1.334,1.425
2023-12-18,1.665,1.633,1.811,1.647,1.766,1.732,1.337,1.348,1.332,1.412
2023-12-25,1.667,1.637,1.820,1.653,1.766,1.732,1.319,1.342,1.330,1.409
2024-01-01,1.661,1.627,1.821,1.654,1.772,1.731,1.332,1.343,1.328,1.408
2024-01-08,1.667,1.626,1.816,1.644,1.774,1.731,1.309,1.326,1.372,1.448
2024-01-15,1.663,1.623,1.811,1.640,1.769,1.725,1.302,1.322,1.362,1.438
2024-01-22,1.666,1.628,1.818,1.650,1.778,1.734,1.302,1.322,1.366,1.448
2024-01-29,1.687,1.649,1.837,1.668,1.812,1.767,1.306,1.330,1.380,1.461
2024-02-05,1.695,1.666,1.858,1.695,1.827,1.786,1.317,1.343,1.385,1.466
2024-02-12,1.714,1.688,1.872,1.712,1.840,1.801,1.323,1.352,1.401,1.482
2024-02-19,1.731,1.709,1.900,1.742,1.864,1.833,1.331,1.374,1.427,1.507
2024-02-26,1.729,1.701,1.901,1.736,1.859,1.826,1.338,1.384,1.445,1.521
2024-03-04,1.731,1.688,1.907,1.720,1.852,1.813,1.338,1.380,1.454,1.516
2024-03-11,1.733,1.680,1.906,1.708,1.853,1.801,1.337,1.378,1.454,1.509
2024-03-18,1.737,1.673,1.908,1.700,1.851,1.790,1.337,1.375,1.443,1.492
2024-03-25,1.755,1.679,1.934,1.710,1.877,1.801,1.331,1.374,1.447,1.494
2024-04-01,1.776,1.678,1.943,1.707,1.887,1.793,1.345,1.378,1.462,1.492
2024-04-08,1.796,1.694,1.958,1.713,1.901,1.799,1.345,1.378,1.481,1.508
2024-04-15,1.806,1.694,1.965,1.715,1.914,1.807,1.358,1.386,1.486,1.512
2024-04-22,1.808,1.678,1.984,1.712,1.920,1.802,1.368,1.385,1.499,1.511
2024-04-29,1.801,1.659,1.983,1.697,1.915,1.790,1.375,1.376,1.499,1.490
2024-05-06,1.791,1.645,1.975,1.681,1.912,1.775,1.375,1.371,1.500,1.481
2024-05-13,1.779,1.632,1.949,1.657,1.899,1.753,1.369,1.356,1.483,1.467
2024-05-20,1.768,1.620,1.929,1.642,1.883,1.733,1.356,1.356,1.464,1.449
2024-05-27,1.754,1.609,1.915,1.635,1.874,1.722,1.348,1.327,1.445,1.440
2024-06-03,1.742,1.601,1.904,1.629,1.865,1.711,1.343,1.317,1.426,1.427
2024-06-10,1.724,1.583,1.875,1.609,1.851,1.695,1.332,1.306,1.409,1.412
2024-06-17,1.723,1.593,1.875,1.620,1.844,1.694,1.337,1.314,1.408,1.415
2024-06-24,1.731,1.614,1.889,1.646,1.846,1.716,1.332,1.306,1.418,1.428
2024-07-01,1.739,1.626,1.897,1.658,1.860,1.738,1.332,1.306,1.453,1.471
2024-07-08,1.748,1.634,1.909,1.670,1.871,1.752,1.332,1.306,1.547,1.560
2024-07-15,1.742,1.627,1.908,1.668,1.870,1.751,1.332,1.306,1.525,1.535
2024-07-22,1.732,1.613,1.893,1.652,1.862,1.742,1.332,1.306,1.515,1.529
2024-07-29,1.727,1.604,1.883,1.638,1.851,1.731,1.332,1.306,1.506,1.506
2024-08-05,1.717,1.591,1.876,1.625,1.839,1.717,1.331,1.318,1.493,1.495
2024-08-12,1.706,1.579,1.852,1.602,1.828,1.705,1.322,1.307,1.486,1.486
2024-08-19,1.699,1.574,1.849,1.597,1.822,1.698,1.317,1.299,1.492,1.502
2024-08-26,1.679,1.556,1.821,1.575,1.811,1.684,1.308,1.287,1.470,1.452
2024-09-02,1.667,1.546,1.807,1.564,1.796,1.668,1.298,1.277,1.462,1.444
2024-09-09,1.640,1.531,1.770,1.551,1.782,1.655,1.288,1.270,1.424,1.427
2024-09-16,1.625,1.514,1.745,1.530,1.759,1.636,1.268,1.247,1.400,1.406
2024-09-23,1.622,1.506,1.749,1.525,1.743,1.622,1.254,1.233,1.397,1.398
2024-09-30,1.611,1.501,1.751,1.524,1.735,1.616,1.249,1.225,1.396,1.397
2024-10-07,1.619,1.511,1.757,1.530,1.731,1.612,1.249,1.225,1.405,1.413
2024-10-14,1.640,1.534,1.786,1.552,1.757,1.640,1.248,1.229,1.423,1.428
2024-10-21,1.640,1.530,1.793,1.550,1.765,1.645,1.251,1.232,1.427,1.431
2024-10-28,1.639,1.526,1.790,1.544,1.762,1.635,1.253,1.233,1.428,1.432
2024-11-04,1.629,1.525,1.777,1.539,1.756,1.632,1.254,1.233,1.423,1.427
2024-11-11,1.631,1.535,1.776,1.550,1.756,1.635,1.256,1.241,1.420,1.441
2024-11-18,1.636,1.543,1.773,1.551,1.754,1.634,1.259,1.249,1.413,1.444
2024-11-25,1.645,1.560,1.783,1.568,1.758,1.649,1.259,1.249,1.419,1.463
2024-12-02,1.642,1.565,1.787,1.575,1.764,1.662,1.266,1.264,1.414,1.460
2024-12-09,1.639,1.560,1.781,1.570,1.757,1.655,1.268,1.268,1.412,1.456
2024-12-16,1.645,1.562,1.783,1.566,1.750,1.648,1.269,1.268,1.415,1.448
2024-12-23,1.651,1.568,1.788,1.573,1.755,1.653,1.269,1.268,1.431,1.461
2024-12-30,1.652,1.569,1.790,1.574,1.757,1.656,1.281,1.294,1.423,1.401
2025-01-06,1.671,1.594,1.799,1.582,1.773,1.672,1.284,1.293,1.475,1.505
2025-01-13,1.679,1.607,1.816,1.597,1.793,1.692,1.290,1.295,1.496,1.520
2025-01-20,1.701,1.639,1.844,1.633,1.823,1.727,1.305,1.310,1.474,1.507
2025-01-27,1.702,1.637,1.846,1.637,1.831,1.739,1.318,1.322,1.512,1.542
2025-02-03,1.697,1.626,1.837,1.624,1.823,1.730,1.310,1.315,1.505,1.538
2025-02-10,1.705,1.628,1.835,1.621,1.823,1.730,1.284,1.293,1.514,1.546
2025-02-17,1.706,1.632,1.839,1.624,1.825,1.727,1.284,1.298,1.530,1.561
2025-02-24,1.702,1.631,1.835,1.624,1.824,1.727,1.284,1.298,1.527,1.576
2025-03-03,1.689,1.618,1.822,1.616,1.816,1.719,1.320,1.319,1.510,1.563
2025-03-10,1.661,1.594,1.774,1.582,1.802,1.704,1.311,1.308,1.469,1.533
2025-03-17,1.645,1.572,1.756,1.559,1.782,1.683,1.300,1.291,1.455,1.507
2025-03-24,1.640,1.563,1.762,1.549,1.767,1.667,1.288,1.277,1.457,1.495
2025-03-31,1.653,1.564,1.782,1.553,1.762,1.660,1.280,1.270,1.464,1.499
2025-04-07,1.648,1.553,1.785,1.551,1.761,1.657,1.270,1.265,1.446,1.485
2025-04-14,1.622,1.522,1.736,1.504,1.739,1.632,1.249,1.242,1.410,1.441
2025-04-21,1.615,1.506,1.722,1.487,1.716,1.610,1.214,1.211,1.401,1.431
2025-04-28,1.610,1.503,1.719,1.482,1.705,1.599,1.193,1.195,1.399,1.430
2025-05-05,1.602,1.493,1.711,1.473,1.697,1.589,1.185,1.182,1.389,1.415
2025-05-12,1.599,1.485,1.707,1.462,1.690,1.579,1.185,1.176,1.356,1.375
2025-05-19,1.604,1.489,1.728,1.474,1.699,1.591,1.185,1.174,1.384,1.406
2025-05-26,1.602,1.487,1.734,1.477,1.698,1.599,1.188,1.233,1.394,1.409
2025-06-02,1.599,1.481,1.732,1.474,1.693,1.592,1.190,1.178,1.393,1.405
2025-06-09,1.599,1.481,1.731,1.474,1.690,1.586,1.190,1.178,1.402,1.412
2025-06-16,1.616,1.500,1.741,1.487,1.697,1.594,1.192,1.180,1.422,1.430
2025-06-23,1.639,1.554,1.772,1.556,1.734,1.643,1.212,1.204,1.434,1.474
2025-06-30,1.633,1.556,1.757,1.553,1.747,1.676,1.238,1.241,1.412,1.460
2025-07-07,1.621,1.544,1.742,1.544,1.733,1.664,1.235,1.231,1.403,1.460
2025-07-14,1.622,1.559,1.747,1.557,1.729,1.663,1.233,1.234,1.399,1.469
2025-07-21,1.620,1.562,1.748,1.563,1.727,1.664,1.234,1.240,1.392,1.482
2025-07-28,1.614,1.558,1.745,1.563,1.721,1.660,1.234,1.239,1.381,1.475
2025-08-04,1.617,1.551,1.749,1.560,1.713,1.649,1.226,1.231,1.385,1.475
2025-08-11,1.612,1.539,1.748,1.551,1.709,1.641,1.224,1.226,1.468,1.529
2025-08-18,1.606,1.523,1.744,1.542,1.701,1.631,1.225,1.214,1.465,1.522
2025-08-25,1.610,1.522,1.742,1.533,1.695,1.622,1.225,1.209,1.469,1.514
2025-09-01,1.607,1.517,1.745,1.535,1.697,1.622,1.220,1.200,1.467,1.514
2025-09-08,1.616,1.526,1.752,1.540,1.705,1.630,1.225,1.205,1.482,1.522
2025-09-15,1.622,1.534,1.755,1.541,1.711,1.635,1.221,1.205,1.493,1.533
2025-09-22,1.623,1.535,1.757,1.544,1.713,1.638,1.331,1.210,1.493,1.534
2025-09-29,1.623,1.542,1.756,1.546,1.712,1.638,1.218,1.204,1.493,1.533
2025-10-06,1.620,1.538,1.751,1.544,1.709,1.636,1.216,1.205,1.472,1.515
2025-10-13,1.616,1.529,1.741,1.536,1.699,1.625,1.211,1.204,1.459,1.502
2025-10-20,1.608,1.511,1.732,1.527,1.690,1.616,1.200,1.191,1.448,1.495
2025-10-27,1.615,1.528,1.733,1.528,1.683,1.609,1.192,1.181,1.467,1.505
2025-11-03,1.619,1.548,1.742,1.550,1.695,1.632,1.200,1.204,1.472,1.525
2025-11-10,1.625,1.571,1.750,1.571,1.706,1.654,1.207,1.226,1.482,1.553
2025-11-17,1.639,1.587,1.759,1.588,1.720,1.683,1.214,1.248,1.492,1.570
2025-11-24,1.639,1.607,1.766,1.602,1.731,1.703,1.222,1.257,1.491,1.570
2025-12-01,1.629,1.589,1.764,1.593,1.727,1.701,1.224,1.260,1.487,1.556
2025-12-08,1.620,1.568,1.762,1.577,1.718,1.684,1.220,1.253,1.482,1.529
2025-12-15,1.605,1.548,1.752,1.557,1.708,1.665,1.220,1.253,1.460,1.505
2025-12-22,1.587,1.521,1.726,1.530,1.690,1.643,1.218,1.235,1.433,1.481
2025-12-29,1.586,1.522,1.718,1.523,1.679,1.629,1.216,1.239,1.429,1.476
2026-01-05,1.605,1.545,1.714,1.518,1.655,1.644,1.217,1.240,1.424,1.472
2026-01-12,1.605,1.553,1.710,1.515,1.627,1.660,1.214,1.237,1.500,1.543
2026-01-19,1.611,1.562,1.716,1.520,1.626,1.661,1.217,1.218,1.515,1.557
2026-01-26,1.615,1.572,1.722,1.529,1.635,1.673,1.218,1.222,1.521,1.571
2026-02-02,1.622,1.583,1.725,1.536,1.642,1.682,1.219,1.224,1.527,1.588
2026-02-09,1.623,1.585,1.729,1.544,1.645,1.691,1.219,1.224,1.529,1.591
2026-02-16,1.632,1.590,1.734,1.546,1.648,1.695,1.219,1.224,1.533,1.596
2026-02-23,1.637,1.594,1.738,1.548,1.655,1.702,1.218,1.228,1.546,1.607
2026-03-02,1.665,1.629,1.757,1.574,1.670,1.721,1.229,1.245,1.568,1.633
2026-03-09,1.774,1.861,1.852,1.814,1.745,1.869,1.266,1.306,1.625,1.704
2026-03-16,1.838,1.950,1.924,1.902,1.819,2.033,1.331,1.437,1.673,1.763
