date,unleaded_95,unleaded_100,diesel,autogas,heating_diesel,filename
2023-01-01,1.842,2.046,1.795,0.947,1.138,IMERISIO_DELTIO_PANELLINIO_01_01_2023.pdf
2023-01-02,1.846,2.047,1.796,0.946,1.173,IMERISIO_DELTIO_PANELLINIO_02_01_2023.pdf
2023-01-03,1.851,2.047,1.796,0.946,1.206,IMERISIO_DELTIO_PANELLINIO_03_01_2023.pdf
2023-01-04,1.854,2.057,1.797,0.945,1.226,IMERISIO_DELTIO_PANELLINIO_04_01_2023.pdf
2023-01-05,1.856,2.057,1.797,0.946,1.238,IMERISIO_DELTIO_PANELLINIO_05_01_2023.pdf
2023-01-06,1.746,1.910,1.481,0.994,1.128,IMERISIO_DELTIO_PANELLINIO_06_01_2023.pdf
2023-01-07,1.856,2.051,1.795,0.946,1.242,IMERISIO_DELTIO_PANELLINIO_07_01_2023.pdf
2023-01-08,1.855,2.052,1.794,0.946,1.243,IMERISIO_DELTIO_PANELLINIO_08_01_2023.pdf
2023-01-09,1.855,2.050,1.791,0.949,1.246,IMERISIO_DELTIO_PANELLINIO_09_01_2023.pdf
2023-01-10,1.853,2.045,1.787,0.950,1.247,IMERISIO_DELTIO_PANELLINIO_10_01_2023.pdf
2023-01-11,1.851,2.051,1.783,0.951,1.246,IMERISIO_DELTIO_PANELLINIO_11_01_2023.pdf
2023-01-12,1.850,2.048,1.781,0.952,1.248,IMERISIO_DELTIO_PANELLINIO_12_01_2023.pdf
2023-01-13,1.851,2.043,1.781,0.953,1.250,IMERISIO_DELTIO_PANELLINIO_13_01_2023.pdf
2023-01-14,1.854,2.045,1.782,0.954,1.253,IMERISIO_DELTIO_PANELLINIO_14_01_2023.pdf
2023-01-15,1.854,2.047,1.782,0.955,1.255,IMERISIO_DELTIO_PANELLINIO_15_01_2023.pdf
2023-01-16,1.857,2.049,1.783,0.958,1.259,IMERISIO_DELTIO_PANELLINIO_16_01_2023.pdf
2023-01-17,1.862,2.050,1.786,0.960,1.264,IMERISIO_DELTIO_PANELLINIO_17_01_2023.pdf
2023-01-18,1.868,2.061,1.789,0.963,1.268,IMERISIO_DELTIO_PANELLINIO_18_01_2023.pdf
2023-01-19,1.873,2.062,1.793,0.967,1.272,IMERISIO_DELTIO_PANELLINIO_19_01_2023.pdf
2023-01-20,1.881,2.062,1.796,0.970,1.276,IMERISIO_DELTIO_PANELLINIO_20_01_2023.pdf
2023-01-21,1.887,2.067,1.799,0.973,1.279,IMERISIO_DELTIO_PANELLINIO_21_01_2023.pdf
2023-01-22,1.889,2.069,1.800,0.973,1.281,IMERISIO_DELTIO_PANELLINIO_22_01_2023.pdf
2023-01-23,1.895,2.073,1.804,0.975,1.285,IMERISIO_DELTIO_PANELLINIO_23_01_2023.pdf
2023-01-24,1.903,2.075,1.810,0.978,1.293,IMERISIO_DELTIO_PANELLINIO_24_01_2023.pdf
2023-01-25,1.909,2.092,1.814,0.981,1.298,IMERISIO_DELTIO_PANELLINIO_25_01_2023.pdf
2023-01-26,1.909,2.092,1.814,0.981,1.298,IMERISIO_DELTIO_PANELLINIO_26_01_2023.pdf
2023-01-27,1.916,2.092,1.821,0.986,1.302,IMERISIO_DELTIO_PANELLINIO_27_01_2023.pdf
2023-01-28,1.917,2.093,1.821,0.987,1.301,IMERISIO_DELTIO_PANELLINIO_28_01_2023.pdf
2023-01-29,1.918,2.095,1.821,0.988,1.301,IMERISIO_DELTIO_PANELLINIO_29_01_2023.pdf
2023-01-30,1.919,2.094,1.822,0.990,1.298,IMERISIO_DELTIO_PANELLINIO_30_01_2023.pdf
2023-01-31,1.919,2.091,1.819,0.991,1.293,IMERISIO_DELTIO_PANELLINIO_31_01_2023.pdf
2023-02-01,1.919,2.100,1.815,0.993,1.287,IMERISIO_DELTIO_PANELLINIO_01_02_2023.pdf
2023-02-02,1.918,2.097,1.810,0.994,1.279,IMERISIO_DELTIO_PANELLINIO_02_02_2023.pdf
2023-02-03,1.916,2.090,1.800,0.997,1.267,IMERISIO_DELTIO_PANELLINIO_03_02_2023.pdf
2023-02-04,1.913,2.088,1.791,0.998,1.259,IMERISIO_DELTIO_PANELLINIO_04_02_2023.pdf
2023-02-05,1.911,2.089,1.789,0.998,1.256,IMERISIO_DELTIO_PANELLINIO_05_02_2023.pdf
2023-02-07,1.905,2.081,1.765,0.999,1.232,IMERISIO_DELTIO_PANELLINIO_07_02_2023.pdf
2023-02-08,1.901,2.087,1.752,0.999,1.218,IMERISIO_DELTIO_PANELLINIO_08_02_2023.pdf
2023-02-09,1.897,2.083,1.742,0.997,1.210,IMERISIO_DELTIO_PANELLINIO_09_02_2023.pdf
2023-02-10,1.895,2.077,1.733,0.995,1.205,IMERISIO_DELTIO_PANELLINIO_10_02_2023.pdf
2023-02-11,1.895,2.078,1.729,0.994,1.203,IMERISIO_DELTIO_PANELLINIO_11_02_2023.pdf
2023-02-12,1.895,2.079,1.728,0.994,1.202,IMERISIO_DELTIO_PANELLINIO_12_02_2023.pdf
2023-02-13,1.895,2.079,1.724,0.992,1.200,IMERISIO_DELTIO_PANELLINIO_13_02_2023.pdf
2023-02-14,1.897,2.077,1.723,0.992,1.201,IMERISIO_DELTIO_PANELLINIO_14_02_2023.pdf
2023-02-15,1.899,2.087,1.722,0.993,1.201,IMERISIO_DELTIO_PANELLINIO_15_02_2023.pdf
2023-02-16,1.901,2.087,1.722,0.994,1.201,IMERISIO_DELTIO_PANELLINIO_16_02_2023.pdf
2023-02-17,1.903,2.083,1.722,0.995,1.202,IMERISIO_DELTIO_PANELLINIO_17_02_2023.pdf
2023-02-18,1.902,2.083,1.720,0.996,1.201,IMERISIO_DELTIO_PANELLINIO_18_02_2023.pdf
2023-02-19,1.902,2.085,1.720,0.995,1.201,IMERISIO_DELTIO_PANELLINIO_19_02_2023.pdf
2023-02-20,1.902,2.084,1.718,0.995,1.200,IMERISIO_DELTIO_PANELLINIO_20_02_2023.pdf
2023-02-21,1.902,2.080,1.716,0.996,1.199,IMERISIO_DELTIO_PANELLINIO_21_02_2023.pdf
2023-02-22,1.902,2.088,1.714,0.997,1.197,IMERISIO_DELTIO_PANELLINIO_22_02_2023.pdf
2023-02-23,1.901,2.085,1.711,0.997,1.194,IMERISIO_DELTIO_PANELLINIO_23_02_2023.pdf
2023-02-24,1.899,2.078,1.708,0.997,1.192,IMERISIO_DELTIO_PANELLINIO_24_02_2023.pdf
2023-02-25,1.898,2.078,1.705,0.998,1.191,IMERISIO_DELTIO_PANELLINIO_25_02_2023.pdf
2023-02-26,1.898,2.079,1.705,0.999,1.190,IMERISIO_DELTIO_PANELLINIO_26_02_2023.pdf
2023-02-27,1.898,2.079,1.704,1.000,1.190,IMERISIO_DELTIO_PANELLINIO_27_02_2023.pdf
2023-02-28,1.897,2.075,1.702,1.000,1.190,IMERISIO_DELTIO_PANELLINIO_28_02_2023.pdf
2023-03-04,1.900,2.079,1.707,1.003,1.200,IMERISIO_DELTIO_PANELLINIO_4_03_2023.pdf
2023-03-05,1.899,2.081,1.708,1.004,1.201,IMERISIO_DELTIO_PANELLINIO_05_03_2023.pdf
2023-03-11,1.909,2.086,1.714,1.011,1.204,IMERISIO_DELTIO_PANELLINIO_11_03_2023.pdf
2023-03-12,1.909,2.088,1.714,1.011,1.204,IMERISIO_DELTIO_PANELLINIO_12_03_2023.pdf
2023-03-13,1.909,2.087,1.713,1.011,1.203,IMERISIO_DELTIO_PANELLINIO_13_03_2023.pdf
2023-03-14,1.910,2.084,1.710,1.010,1.202,IMERISIO_DELTIO_PANELLINIO_14_03_2023.pdf
2023-03-15,1.909,2.093,1.708,1.008,1.200,IMERISIO_DELTIO_PANELLINIO_15_03_2023.pdf
2023-03-16,1.907,2.091,1.706,1.006,1.197,IMERISIO_DELTIO_PANELLINIO_16_03_2023.pdf
2023-03-20,1.896,2.079,1.687,0.997,1.179,IMERISIO_DELTIO_PANELLINIO_20_03_2023.pdf
2023-03-21,1.894,2.074,1.680,0.995,1.174,IMERISIO_DELTIO_PANELLINIO_21_03_2023.pdf
2023-03-22,1.894,2.082,1.675,0.992,1.169,IMERISIO_DELTIO_PANELLINIO_22_03_2023.pdf
2023-03-23,1.894,2.080,1.672,0.989,1.166,IMERISIO_DELTIO_PANELLINIO_23_03_2023.pdf
2023-03-24,1.897,2.078,1.669,0.987,1.163,IMERISIO_DELTIO_PANELLINIO_24_03_2023.pdf
2023-03-25,1.897,2.079,1.668,0.987,1.163,IMERISIO_DELTIO_PANELLINIO_25_03_2023.pdf
2023-03-26,1.897,2.081,1.668,0.987,1.162,IMERISIO_DELTIO_PANELLINIO_26_03_2023.pdf
2023-03-29,1.909,2.093,1.661,0.985,1.155,IMERISIO_DELTIO_PANELLINIO_29_03_2023.pdf
2023-03-31,1.914,2.087,1.657,0.982,1.152,IMERISIO_DELTIO_PANELLINIO_31_03_2023.pdf
2023-04-01,1.916,2.090,1.655,0.981,1.170,IMERISIO_DELTIO_PANELLINIO_01_04_2023.pdf
2023-04-02,1.916,2.092,1.655,0.981,1.173,IMERISIO_DELTIO_PANELLINIO_02_04_2023.pdf
2023-04-04,1.921,2.091,1.652,0.981,1.217,IMERISIO_DELTIO_PANELLINIO_04_04_2023.pdf
2023-04-05,1.925,2.103,1.651,0.981,1.229,IMERISIO_DELTIO_PANELLINIO_05_04_2023.pdf
2023-04-06,1.929,2.103,1.652,0.982,1.238,IMERISIO_DELTIO_PANELLINIO_06_04_2023.pdf
2023-04-07,1.933,2.101,1.653,0.982,1.245,IMERISIO_DELTIO_PANELLINIO_07_04_2023.pdf
2023-04-09,1.937,2.105,1.654,0.982,1.252,IMERISIO_DELTIO_PANELLINIO_09_04_2023.pdf
2023-04-10,1.940,2.101,1.654,0.982,1.255,IMERISIO_DELTIO_PANELLINIO_10_04_2023.pdf
2023-04-11,1.942,2.108,1.654,0.981,1.258,IMERISIO_DELTIO_PANELLINIO_11_04_2023.pdf
2023-04-12,1.944,2.111,1.654,0.981,1.262,IMERISIO_DELTIO_PANELLINIO_12_04_2023.pdf
2023-04-13,1.947,2.111,1.655,0.982,1.264,IMERISIO_DELTIO_PANELLINIO_13_04_2023.pdf
2023-04-14,1.948,2.106,1.656,0.981,1.265,IMERISIO_DELTIO_PANELLINIO_14_04_2023.pdf
2023-04-15,1.948,2.109,1.655,0.982,1.266,IMERISIO_DELTIO_PANELLINIO_15_04_2023.pdf
2023-04-16,1.948,2.113,1.655,0.982,1.267,IMERISIO_DELTIO_PANELLINIO_16_04_2023.pdf
2023-04-17,1.948,2.120,1.655,0.982,1.267,IMERISIO_DELTIO_PANELLINIO_17_04_2023.pdf
2023-04-18,1.947,2.116,1.654,0.981,1.267,IMERISIO_DELTIO_PANELLINIO_18_04_2023.pdf
2023-04-19,1.944,2.122,1.652,0.980,1.268,IMERISIO_DELTIO_PANELLINIO_19_04_2023.pdf
2023-04-20,1.939,2.117,1.649,0.977,1.267,IMERISIO_DELTIO_PANELLINIO_20_04_2023.pdf
2023-04-21,1.932,2.107,1.643,0.973,1.266,IMERISIO_DELTIO_PANELLINIO_21_04_2023.pdf
2023-04-22,1.924,2.102,1.638,0.969,1.265,IMERISIO_DELTIO_PANELLINIO_22_04_2023.pdf
2023-04-23,1.922,2.102,1.636,0.968,1.264,IMERISIO_DELTIO_PANELLINIO_23_04_2023.pdf
2023-04-24,1.915,2.096,1.631,0.965,1.262,IMERISIO_DELTIO_PANELLINIO_24_04_2023.pdf
2023-04-25,1.908,2.090,1.624,0.963,1.259,IMERISIO_DELTIO_PANELLINIO_25_04_2023.pdf
2023-04-26,1.902,2.094,1.618,0.960,1.255,IMERISIO_DELTIO_PANELLINIO_26_04_2023.pdf
2023-04-27,1.896,2.088,1.612,0.956,1.253,IMERISIO_DELTIO_PANELLINIO_27_04_2023.pdf
2023-04-28,1.889,2.078,1.605,0.950,1.249,IMERISIO_DELTIO_PANELLINIO_28_04_2023.pdf
2023-04-29,1.883,2.074,1.599,0.945,1.246,IMERISIO_DELTIO_PANELLINIO_29_04_2023.pdf
2023-04-30,1.882,2.074,1.597,0.942,1.245,IMERISIO_DELTIO_PANELLINIO_30_04_2023.pdf
2023-05-01,1.880,2.072,1.596,0.940,1.245,IMERISIO_DELTIO_PANELLINIO_01_05_2023.pdf
2023-05-02,1.877,2.064,1.590,0.933,1.244,IMERISIO_DELTIO_PANELLINIO_02_05_2023.pdf
2023-05-03,1.872,2.069,1.582,0.924,1.244,IMERISIO_DELTIO_PANELLINIO_03_05_2023.pdf
2023-05-04,1.865,2.061,1.576,0.909,1.243,IMERISIO_DELTIO_PANELLINIO_04_05_2023.pdf
2023-05-05,1.855,2.047,1.566,0.897,,IMERISIO_DELTIO_PANELLINIO_05_05_2023.pdf
2023-05-06,1.847,2.041,1.559,0.889,,IMERISIO_DELTIO_PANELLINIO_06_05_2023.pdf
2023-05-07,1.844,2.041,1.557,0.887,,IMERISIO_DELTIO_PANELLINIO_07_05_2023.pdf
2023-05-08,1.837,2.035,1.550,0.875,,IMERISIO_DELTIO_PANELLINIO_08_05_2023.pdf
2023-05-10,1.827,2.034,1.538,0.861,,IMERISIO_DELTIO_PANELLINIO_10_05_2023.pdf
2023-05-11,1.825,2.031,1.537,0.856,,IMERISIO_DELTIO_PANELLINIO_11_05_2023.pdf
2023-05-12,1.826,2.026,1.537,0.852,,IMERISIO_DELTIO_PANELLINIO_12_05_2023.pdf
2023-05-13,1.827,2.027,1.538,0.850,,IMERISIO_DELTIO_PANELLINIO_13_05_2023.pdf
2023-05-14,1.826,2.029,1.538,0.849,,IMERISIO_DELTIO_PANELLINIO_14_05_2023.pdf
2023-05-15,1.827,2.029,1.538,0.846,,IMERISIO_DELTIO_PANELLINIO_15_05_2023.pdf
2023-05-17,1.828,2.034,1.539,0.843,,IMERISIO_DELTIO_PANELLINIO_17_05_2023.pdf
2023-05-18,1.828,2.032,1.540,0.840,,IMERISIO_DELTIO_PANELLINIO_18_05_2023.pdf
2023-05-19,1.830,2.027,1.543,0.839,,IMERISIO_DELTIO_PANELLINIO_19_05_2023.pdf
2023-05-20,1.832,2.030,1.544,0.839,,IMERISIO_DELTIO_PANELLINIO_20_05_2023.pdf
2023-05-21,1.831,2.032,1.544,0.839,,IMERISIO_DELTIO_PANELLINIO_21_05_2023.pdf
2023-05-22,1.833,2.033,1.547,0.838,,IMERISIO_DELTIO_PANELLINIO_22_05_2023.pdf
2023-05-23,1.837,2.032,1.548,0.837,,IMERISIO_DELTIO_PANELLINIO_23_05_2023.pdf
2023-05-24,1.841,2.043,1.550,0.838,,IMERISIO_DELTIO_PANELLINIO_24_05_2023.pdf
2023-05-25,1.846,2.044,1.552,0.838,,IMERISIO_DELTIO_PANELLINIO_25_05_2023.pdf
2023-05-26,1.852,2.043,1.554,0.838,,IMERISIO_DELTIO_PANELLINIO_26_05_2023.pdf
2023-05-27,1.856,2.047,1.555,0.838,,IMERISIO_DELTIO_PANELLINIO_27_05_2023.pdf
2023-05-28,1.857,2.049,1.555,0.837,,IMERISIO_DELTIO_PANELLINIO_28_05_2023.pdf
2023-05-29,1.861,2.050,1.556,0.837,,IMERISIO_DELTIO_PANELLINIO_29_05_2023.pdf
2023-05-30,1.865,2.048,1.556,0.837,,IMERISIO_DELTIO_PANELLINIO_30_05_2023.pdf
2023-05-31,1.866,2.058,1.557,0.836,,IMERISIO_DELTIO_PANELLINIO_31_05_2023.pdf
2023-06-02,1.866,2.050,1.558,0.836,,IMERISIO_DELTIO_PANELLINIO_02_06_2023.pdf
2023-06-03,1.866,2.050,1.558,0.836,,IMERISIO_DELTIO_PANELLINIO_03_06_2023.pdf
2023-06-04,1.865,2.052,1.558,0.836,,IMERISIO_DELTIO_PANELLINIO_04_06_2023.pdf
2023-06-05,1.865,2.051,1.558,0.835,,IMERISIO_DELTIO_PANELLINIO_05_06_2023.pdf
2023-06-06,1.866,2.048,1.558,0.835,,IMERISIO_DELTIO_PANELLINIO_06_06_2023.pdf
2023-06-07,1.867,2.058,1.560,0.835,,IMERISIO_DELTIO_PANELLINIO_07_06_2023.pdf
2023-06-08,1.869,2.057,1.563,0.833,,IMERISIO_DELTIO_PANELLINIO_08_06_2023.pdf
2023-06-09,1.872,2.054,1.566,0.833,,IMERISIO_DELTIO_PANELLINIO_09_06_2023.pdf
2023-06-10,1.875,2.058,1.568,0.832,,IMERISIO_DELTIO_PANELLINIO_10_06_2023.pdf
2023-06-11,1.875,2.059,1.568,0.832,,IMERISIO_DELTIO_PANELLINIO_11_06_2023.pdf
2023-06-12,1.877,2.060,1.570,0.831,,IMERISIO_DELTIO_PANELLINIO_12_06_2023.pdf
2023-06-13,1.878,2.058,1.569,0.830,,IMERISIO_DELTIO_PANELLINIO_13_06_2023.pdf
2023-06-14,1.878,2.067,1.570,0.829,,IMERISIO_DELTIO_PANELLINIO_14_06_2023.pdf
2023-06-15,1.877,2.064,1.570,0.826,,IMERISIO_DELTIO_PANELLINIO_15_06_2023.pdf
2023-06-16,1.876,2.059,1.570,0.825,,IMERISIO_DELTIO_PANELLINIO_16_06_2023.pdf
2023-06-17,1.875,2.059,1.571,0.823,,IMERISIO_DELTIO_PANELLINIO_17_06_2023.pdf
2023-06-18,1.874,2.060,1.571,0.823,,IMERISIO_DELTIO_PANELLINIO_18_06_2023.pdf
2023-06-19,1.874,2.059,1.572,0.821,,IMERISIO_DELTIO_PANELLINIO_19_06_2023.pdf
2023-06-20,1.875,2.056,1.574,0.818,,IMERISIO_DELTIO_PANELLINIO_20_06_2023.pdf
2023-06-21,1.876,2.065,1.578,0.816,,IMERISIO_DELTIO_PANELLINIO_21_06_2023.pdf
2023-06-22,1.877,2.064,1.581,0.813,,IMERISIO_DELTIO_PANELLINIO_22_06_2023.pdf
2023-06-23,1.877,2.058,1.583,0.811,,IMERISIO_DELTIO_PANELLINIO_23_06_2023.pdf
2023-06-24,1.876,2.058,1.584,0.809,,IMERISIO_DELTIO_PANELLINIO_24_06_2023.pdf
2023-06-25,1.875,2.059,1.584,0.807,,IMERISIO_DELTIO_PANELLINIO_25_06_2023.pdf
2023-06-26,1.873,2.058,1.585,0.805,,IMERISIO_DELTIO_PANELLINIO_26_06_2023.pdf
2023-06-30,1.864,2.049,1.580,0.796,,IMERISIO_DELTIO_PANELLINIO_30_06_2023.pdf
2023-07-01,1.863,2.050,1.579,0.796,,IMERISIO_DELTIO_PANELLINIO_01_07_2023.pdf
2023-07-02,1.863,2.051,1.579,0.795,,IMERISIO_DELTIO_PANELLINIO_02_07_2023.pdf
2023-07-05,1.865,2.058,1.576,0.791,,IMERISIO_DELTIO_PANELLINIO_05_07_2023.pdf
2023-07-11,1.869,2.054,1.583,0.794,,IMERISIO_DELTIO_PANELLINIO_11_07_2023.pdf
2023-07-12,1.869,2.054,1.583,0.794,,IMERISIO_DELTIO_PANELLINIO_12_07_2023.pdf
2023-07-13,1.875,2.067,1.592,0.798,,IMERISIO_DELTIO_PANELLINIO_13_07_2023.pdf
2023-07-18,1.886,2.071,1.603,0.805,,IMERISIO_DELTIO_PANELLINIO_18_07_2023.pdf
2023-07-20,1.888,2.080,1.605,0.808,,IMERISIO_DELTIO_PANELLINIO_20_07_2023.pdf
2023-07-21,1.888,2.080,1.605,0.808,,IMERISIO_DELTIO_PANELLINIO_21_07_2023.pdf
2023-07-24,1.901,2.086,1.613,0.815,,IMERISIO_DELTIO_PANELLINIO_24_07_2023.pdf
2023-07-28,1.935,2.109,1.642,0.826,,IMERISIO_DELTIO_PANELLINIO_28_07_2023.pdf
2023-07-29,1.941,2.114,1.650,0.828,,IMERISIO_DELTIO_PANELLINIO_29_07_2023.pdf
2023-07-30,1.942,2.117,1.651,0.828,,IMERISIO_DELTIO_PANELLINIO_30_07_2023.pdf
2023-07-31,1.948,2.119,1.658,0.830,,IMERISIO_DELTIO_PANELLINIO_31_07_2023.pdf
2023-08-01,1.954,2.119,1.668,0.832,,IMERISIO_DELTIO_PANELLINIO_01_08_2023.pdf
2023-08-02,1.959,2.135,1.678,0.834,,IMERISIO_DELTIO_PANELLINIO_02_08_2023.pdf
2023-08-03,1.962,2.140,1.688,0.835,,IMERISIO_DELTIO_PANELLINIO_03_08_2023.pdf
2023-08-16,1.973,2.146,1.745,0.856,,IMERISIO_DELTIO_PANELLINIO_16_08_2023.pdf
2023-08-17,1.980,2.159,1.748,0.858,,IMERISIO_DELTIO_PANELLINIO_17_08_2023.pdf
2023-08-18,1.984,2.157,1.749,0.859,,IMERISIO_DELTIO_PANELLINIO_18_08_2023.pdf
2023-08-19,1.986,2.160,1.749,0.859,,IMERISIO_DELTIO_PANELLINIO_19_08_2023.pdf
2023-08-20,1.987,2.162,1.750,0.860,,IMERISIO_DELTIO_PANELLINIO_20_08_2023.pdf
2023-08-21,1.990,2.163,1.750,0.860,,IMERISIO_DELTIO_PANELLINIO_21_08_2023.pdf
2023-08-22,1.991,2.160,1.751,0.860,,IMERISIO_DELTIO_PANELLINIO_22_08_2023.pdf
2023-08-23,1.991,2.171,1.752,0.861,,IMERISIO_DELTIO_PANELLINIO_23_08_2023.pdf
2023-08-24,1.991,2.168,1.754,0.861,,IMERISIO_DELTIO_PANELLINIO_24_08_2023.pdf
2023-08-26,1.991,2.164,1.758,0.861,,IMERISIO_DELTIO_PANELLINIO_26_08_2023.pdf
2023-08-27,1.991,2.165,1.758,0.860,,IMERISIO_DELTIO_PANELLINIO_27_08_2023.pdf
2023-09-01,1.994,2.167,1.769,0.861,,IMERISIO_DELTIO_PANELLINIO_01_09_2023.pdf
2023-09-02,1.994,2.168,1.769,0.861,,IMERISIO_DELTIO_PANELLINIO_02_09_2023.pdf
2023-09-03,1.994,2.171,1.769,0.861,,IMERISIO_DELTIO_PANELLINIO_03_09_2023.pdf
2023-09-04,1.994,2.170,1.769,0.861,,IMERISIO_DELTIO_PANELLINIO_04_09_2023.pdf
2023-09-05,1.994,2.166,1.768,0.861,,IMERISIO_DELTIO_PANELLINIO_05_09_2023.pdf
2023-09-06,1.994,2.177,1.769,0.863,,IMERISIO_DELTIO_PANELLINIO_06_09_2023.pdf
2023-09-07,1.995,2.176,1.772,0.864,,IMERISIO_DELTIO_PANELLINIO_07_09_2023.pdf
2023-09-08,1.995,2.170,1.776,0.866,,IMERISIO_DELTIO_PANELLINIO_08_09_2023.pdf
2023-09-09,1.998,2.174,1.781,0.868,,IMERISIO_DELTIO_PANELLINIO_09_09_2023.pdf
2023-09-10,1.998,2.176,1.782,0.869,,IMERISIO_DELTIO_PANELLINIO_10_09_2023.pdf
2023-09-11,2.002,2.177,1.789,0.873,,IMERISIO_DELTIO_PANELLINIO_11_09_2023.pdf
2023-09-12,2.006,2.176,1.796,0.876,,IMERISIO_DELTIO_PANELLINIO_12_09_2023.pdf
2023-09-13,2.012,2.192,1.806,0.879,,IMERISIO_DELTIO_PANELLINIO_13_09_2023.pdf
2023-09-14,2.019,2.200,1.817,0.883,,IMERISIO_DELTIO_PANELLINIO_14_09_2023.pdf
2023-09-15,2.026,2.200,1.827,0.886,,IMERISIO_DELTIO_PANELLINIO_15_09_2023.pdf
2023-09-16,2.032,2.206,1.835,0.888,,IMERISIO_DELTIO_PANELLINIO_16_09_2023.pdf
2023-09-17,2.033,2.208,1.837,0.889,,IMERISIO_DELTIO_PANELLINIO_17_09_2023.pdf
2023-09-18,2.037,2.211,1.844,0.892,,IMERISIO_DELTIO_PANELLINIO_18_09_2023.pdf
2023-09-19,2.041,2.209,1.848,0.894,,IMERISIO_DELTIO_PANELLINIO_19_09_2023.pdf
2023-09-20,2.043,2.220,1.850,0.897,,IMERISIO_DELTIO_PANELLINIO_20_09_2023.pdf
2023-09-21,2.043,2.219,1.851,0.899,,IMERISIO_DELTIO_PANELLINIO_21_09_2023.pdf
2023-09-22,2.042,2.214,1.852,0.900,,IMERISIO_DELTIO_PANELLINIO_22_09_2023.pdf
2023-09-23,2.042,2.215,1.852,0.900,,IMERISIO_DELTIO_PANELLINIO_23_09_2023.pdf
2023-09-24,2.041,2.216,1.853,0.901,,IMERISIO_DELTIO_PANELLINIO_24_09_2023.pdf
2023-09-25,2.040,2.215,1.853,0.902,,IMERISIO_DELTIO_PANELLINIO_25_09_2023.pdf
2023-09-26,2.037,2.209,1.852,0.903,,IMERISIO_DELTIO_PANELLINIO_26_09_2023.pdf
2023-09-27,2.033,2.216,1.852,0.903,,IMERISIO_DELTIO_PANELLINIO_27_09_2023.pdf
2023-09-28,2.027,2.211,1.852,0.904,,IMERISIO_DELTIO_PANELLINIO_28_09_2023.pdf
2023-09-29,2.021,2.202,1.853,0.906,,IMERISIO_DELTIO_PANELLINIO_29_09_2023.pdf
2023-09-30,2.014,2.198,1.853,0.907,,IMERISIO_DELTIO_PANELLINIO_30_09_2023.pdf
2023-10-01,2.011,2.198,1.853,0.908,,IMERISIO_DELTIO_PANELLINIO_01_10_2023.pdf
2023-10-02,2.005,2.193,1.854,0.909,,IMERISIO_DELTIO_PANELLINIO_02_10_2023.pdf
2023-10-03,2.000,2.185,1.855,0.912,,IMERISIO_DELTIO_PANELLINIO_03_10_2023.pdf
2023-10-04,1.991,2.190,1.855,0.913,,IMERISIO_DELTIO_PANELLINIO_04_10_2023.pdf
2023-10-05,1.977,2.178,1.855,0.914,,IMERISIO_DELTIO_PANELLINIO_05_10_2023.pdf
2023-10-06,1.959,2.160,1.850,0.914,,IMERISIO_DELTIO_PANELLINIO_06_10_2023.pdf
2023-10-08,1.977,2.178,1.855,0.914,,IMERISIO_DELTIO_PANELLINIO_08_10_2023.pdf
2023-10-09,1.930,2.134,1.835,0.914,,IMERISIO_DELTIO_PANELLINIO_09_10_2023.pdf
2023-10-10,1.917,2.120,1.824,0.913,,IMERISIO_DELTIO_PANELLINIO_10_10_2023.pdf
2023-10-11,1.908,2.125,1.815,0.912,,IMERISIO_DELTIO_PANELLINIO_11_10_2023.pdf
2023-10-12,1.902,2.119,1.810,0.911,,IMERISIO_DELTIO_PANELLINIO_12_10_2023.pdf
2023-10-13,1.898,2.110,1.806,0.911,1.393,IMERISIO_DELTIO_PANELLINIO_13_10_2023.pdf
2023-10-14,1.898,2.110,1.806,0.911,1.393,IMERISIO_DELTIO_PANELLINIO_14_10_2023.pdf
2023-10-15,1.895,2.111,1.804,0.911,1.398,IMERISIO_DELTIO_PANELLINIO_15_10_2023.pdf
2023-10-16,1.893,2.109,1.803,0.912,1.407,IMERISIO_DELTIO_PANELLINIO_16_10_2023.pdf
2023-10-17,1.891,2.104,1.804,0.911,1.414,IMERISIO_DELTIO_PANELLINIO_17_10_2023.pdf
2023-10-18,1.891,2.114,1.805,0.911,1.420,IMERISIO_DELTIO_PANELLINIO_18_10_2023.pdf
2023-10-19,1.891,2.110,1.808,0.911,1.423,IMERISIO_DELTIO_PANELLINIO_19_10_2023.pdf
2023-10-20,1.892,2.101,1.810,0.912,1.425,IMERISIO_DELTIO_PANELLINIO_20_10_2023.pdf
2023-10-21,1.894,2.102,1.811,0.911,1.426,IMERISIO_DELTIO_PANELLINIO_21_10_2023.pdf
2023-10-22,1.893,2.104,1.811,0.912,1.426,IMERISIO_DELTIO_PANELLINIO_22_10_2023.pdf
2023-10-23,1.896,2.103,1.812,0.911,1.427,IMERISIO_DELTIO_PANELLINIO_23_10_2023.pdf
2023-10-24,1.899,2.101,1.813,0.912,1.429,IMERISIO_DELTIO_PANELLINIO_24_10_2023.pdf
2023-10-25,1.900,2.112,1.812,0.912,1.430,IMERISIO_DELTIO_PANELLINIO_25_10_2023.pdf
2023-10-26,1.900,2.110,1.812,0.912,1.429,IMERISIO_DELTIO_PANELLINIO_26_10_2023.pdf
2023-10-27,1.899,2.104,1.809,0.913,1.428,IMERISIO_DELTIO_PANELLINIO_27_10_2023.pdf
2023-10-28,1.899,2.104,1.808,0.914,1.428,IMERISIO_DELTIO_PANELLINIO_28_10_2023.pdf
2023-10-29,1.898,2.105,1.808,0.914,1.428,IMERISIO_DELTIO_PANELLINIO_29_10_2023.pdf
2023-10-30,1.896,2.103,1.804,0.914,1.426,IMERISIO_DELTIO_PANELLINIO_30_10_2023.pdf
2023-10-31,1.895,2.097,1.799,0.913,1.423,IMERISIO_DELTIO_PANELLINIO_31_10_2023.pdf
2023-11-01,1.894,2.106,1.794,0.912,1.419,IMERISIO_DELTIO_PANELLINIO_01_11_2023.pdf
2023-11-03,1.891,2.096,1.786,0.909,1.412,IMERISIO_DELTIO_PANELLINIO_03_11_2023.pdf
2023-11-04,1.890,2.096,1.783,0.909,1.410,IMERISIO_DELTIO_PANELLINIO_04_11_2023.pdf
2023-11-05,1.889,2.098,1.782,0.909,1.409,IMERISIO_DELTIO_PANELLINIO_05_11_2023.pdf
2023-11-06,1.888,2.096,1.780,0.909,1.407,IMERISIO_DELTIO_PANELLINIO_06_11_2023.pdf
2023-11-07,1.887,2.090,1.776,0.909,1.406,IMERISIO_DELTIO_PANELLINIO_07_11_2023.pdf
2023-11-08,1.886,2.099,1.773,0.907,1.404,IMERISIO_DELTIO_PANELLINIO_08_11_2023.pdf
2023-11-09,1.883,2.095,1.768,0.905,1.398,IMERISIO_DELTIO_PANELLINIO_09_11_2023.pdf
2023-11-10,1.880,2.085,1.761,0.903,1.391,IMERISIO_DELTIO_PANELLINIO_10_11_2023.pdf
2023-11-11,1.878,2.084,1.755,0.901,1.384,IMERISIO_DELTIO_PANELLINIO_11_11_2023.pdf
2023-11-12,1.877,2.085,1.752,0.900,1.382,IMERISIO_DELTIO_PANELLINIO_12_11_2023.pdf
2023-11-13,1.874,2.082,1.745,0.898,1.373,IMERISIO_DELTIO_PANELLINIO_13_11_2023.pdf
2023-11-14,1.874,2.077,1.738,0.897,1.365,IMERISIO_DELTIO_PANELLINIO_14_11_2023.pdf
2023-11-15,1.873,2.086,1.733,0.895,1.359,IMERISIO_DELTIO_PANELLINIO_15_11_2023.pdf
2023-11-16,1.872,2.084,1.729,0.895,1.355,IMERISIO_DELTIO_PANELLINIO_16_11_2023.pdf
2023-11-17,1.872,2.077,1.726,0.894,1.351,IMERISIO_DELTIO_PANELLINIO_17_11_2023.pdf
2023-11-18,1.871,2.077,1.723,0.894,1.348,IMERISIO_DELTIO_PANELLINIO_18_11_2023.pdf
2023-11-19,1.870,2.079,1.722,0.894,1.347,IMERISIO_DELTIO_PANELLINIO_19_11_2023.pdf
2023-11-20,1.869,2.077,1.720,0.894,1.344,IMERISIO_DELTIO_PANELLINIO_20_11_2023.pdf
2023-11-21,1.868,2.071,1.715,0.893,1.340,IMERISIO_DELTIO_PANELLINIO_21_11_2023.pdf
2023-11-22,1.867,2.080,1.712,0.892,1.336,IMERISIO_DELTIO_PANELLINIO_22_11_2023.pdf
2023-11-23,1.865,2.077,1.709,0.891,1.334,IMERISIO_DELTIO_PANELLINIO_23_11_2023.pdf
2023-11-24,1.864,2.070,1.707,0.890,1.332,IMERISIO_DELTIO_PANELLINIO_24_11_2023.pdf
2023-11-25,1.864,2.071,1.707,0.890,1.332,IMERISIO_DELTIO_PANELLINIO_25_11_2023.pdf
2023-11-26,1.863,2.072,1.706,0.889,1.332,IMERISIO_DELTIO_PANELLINIO_26_11_2023.pdf
2023-11-27,1.863,2.071,1.705,0.889,1.331,IMERISIO_DELTIO_PANELLINIO_27_11_2023.pdf
2023-11-28,1.863,2.066,1.704,0.889,1.331,IMERISIO_DELTIO_PANELLINIO_28_11_2023.pdf
2023-11-29,1.862,2.077,1.703,0.890,1.331,IMERISIO_DELTIO_PANELLINIO_29_11_2023.pdf
2023-11-30,1.862,2.074,1.702,0.890,1.331,IMERISIO_DELTIO_PANELLINIO_30_11_2023.pdf
2023-12-01,1.860,2.067,1.701,0.889,1.330,IMERISIO_DELTIO_PANELLINIO_01_12_2023.pdf
2023-12-02,1.858,2.066,1.699,0.889,1.329,IMERISIO_DELTIO_PANELLINIO_02_12_2023.pdf
2023-12-03,1.857,2.067,1.699,0.890,1.328,IMERISIO_DELTIO_PANELLINIO_03_12_2023.pdf
2023-12-04,1.856,2.065,1.697,0.889,1.327,IMERISIO_DELTIO_PANELLINIO_04_12_2023.pdf
2023-12-05,1.853,2.058,1.694,0.888,1.325,IMERISIO_DELTIO_PANELLINIO_05_12_2023.pdf
2023-12-06,1.851,2.065,1.691,0.888,1.323,IMERISIO_DELTIO_PANELLINIO_06_12_2023.pdf
2023-12-07,1.846,2.055,1.687,0.889,1.318,IMERISIO_DELTIO_PANELLINIO_07_12_2023.pdf
2023-12-08,1.840,2.044,1.682,0.888,1.313,IMERISIO_DELTIO_PANELLINIO_08_12_2023.pdf
2023-12-09,1.834,2.040,1.677,0.887,1.309,IMERISIO_DELTIO_PANELLINIO_09_12_2023.pdf
2023-12-10,1.832,2.040,1.676,0.887,1.308,IMERISIO_DELTIO_PANELLINIO_10_12_2023.pdf
2023-12-11,1.828,2.035,1.671,0.886,1.303,IMERISIO_DELTIO_PANELLINIO_11_12_2023.pdf
2023-12-12,1.824,2.028,1.666,0.885,1.299,IMERISIO_DELTIO_PANELLINIO_12_12_2023.pdf
2023-12-13,1.820,2.036,1.661,0.884,1.295,IMERISIO_DELTIO_PANELLINIO_13_12_2023.pdf
2023-12-14,1.817,2.031,1.658,0.883,1.291,IMERISIO_DELTIO_PANELLINIO_14_12_2023.pdf
2023-12-15,1.815,2.024,1.654,0.883,1.288,IMERISIO_DELTIO_PANELLINIO_15_12_2023.pdf
2023-12-16,1.813,2.023,1.651,0.882,1.286,IMERISIO_DELTIO_PANELLINIO_16_12_2023.pdf
2023-12-17,1.812,2.024,1.650,0.883,1.285,IMERISIO_DELTIO_PANELLINIO_17_12_2023.pdf
2023-12-18,1.811,2.022,1.647,0.882,1.283,IMERISIO_DELTIO_PANELLINIO_18_12_2023.pdf
2023-12-19,1.811,2.017,1.646,0.882,1.283,IMERISIO_DELTIO_PANELLINIO_19_12_2023.pdf
2023-12-20,1.813,2.028,1.646,0.883,1.284,IMERISIO_DELTIO_PANELLINIO_20_12_2023.pdf
2023-12-21,1.815,2.029,1.648,0.883,1.288,IMERISIO_DELTIO_PANELLINIO_21_12_2023.pdf
2023-12-22,1.819,2.025,1.651,0.883,1.291,IMERISIO_DELTIO_PANELLINIO_22_12_2023.pdf
2023-12-23,1.820,2.027,1.653,0.883,1.293,IMERISIO_DELTIO_PANELLINIO_23_12_2023.pdf
2023-12-24,1.820,2.029,1.653,0.884,1.293,IMERISIO_DELTIO_PANELLINIO_24_12_2023.pdf
2023-12-25,1.820,2.030,1.653,0.884,1.293,IMERISIO_DELTIO_PANELLINIO_25_12_2023.pdf
2023-12-26,1.820,2.025,1.653,0.884,1.293,IMERISIO_DELTIO_PANELLINIO_26_12_2023.pdf
2023-12-27,1.822,2.033,1.654,0.886,1.294,IMERISIO_DELTIO_PANELLINIO_27_12_2023.pdf
2023-12-28,1.822,2.032,1.654,0.886,1.294,IMERISIO_DELTIO_PANELLINIO_28_12_2023.pdf
2023-12-29,1.822,2.026,1.655,0.884,1.294,IMERISIO_DELTIO_PANELLINIO_29_12_2023.pdf
2023-12-30,1.822,2.027,1.654,0.885,1.293,IMERISIO_DELTIO_PANELLINIO_30_12_2023.pdf
2023-12-31,1.822,2.028,1.654,0.885,1.292,IMERISIO_DELTIO_PANELLINIO_31_12_2023.pdf
2024-01-01,1.821,2.028,1.654,0.885,1.292,IMERISIO_DELTIO_PANELLINIO_01_01_2024.pdf
2024-01-02,1.821,2.023,1.652,0.884,1.290,IMERISIO_DELTIO_PANELLINIO_02_01_2024.pdf
2024-01-03,1.820,2.033,1.650,0.884,1.287,IMERISIO_DELTIO_PANELLINIO_03_01_2024.pdf
2024-01-04,1.819,2.030,1.649,0.884,1.285,IMERISIO_DELTIO_PANELLINIO_04_01_2024.pdf
2024-01-05,1.819,2.025,1.647,0.884,1.283,IMERISIO_DELTIO_PANELLINIO_05_01_2024.pdf
2024-01-06,1.818,2.025,1.646,0.883,1.282,IMERISIO_DELTIO_PANELLINIO_06_01_2024.pdf
2024-01-07,1.817,2.026,1.646,0.883,1.281,IMERISIO_DELTIO_PANELLINIO_07_01_2024.pdf
2024-01-08,1.816,2.024,1.644,0.882,1.280,IMERISIO_DELTIO_PANELLINIO_08_01_2024.pdf
2024-01-09,1.815,2.018,1.642,0.881,1.278,IMERISIO_DELTIO_PANELLINIO_09_01_2024.pdf
2024-01-10,1.814,2.029,1.641,0.880,1.277,IMERISIO_DELTIO_PANELLINIO_10_01_2024.pdf
2024-01-11,1.813,2.025,1.640,0.881,1.277,IMERISIO_DELTIO_PANELLINIO_11_01_2024.pdf
2024-01-12,1.812,2.018,1.640,0.879,1.277,IMERISIO_DELTIO_PANELLINIO_12_01_2024.pdf
2024-01-13,1.811,2.019,1.640,0.880,1.278,IMERISIO_DELTIO_PANELLINIO_13_01_2024.pdf
2024-01-14,1.811,2.021,1.640,0.880,1.278,IMERISIO_DELTIO_PANELLINIO_14_01_2024.pdf
2024-01-15,1.811,2.019,1.640,0.879,1.280,IMERISIO_DELTIO_PANELLINIO_15_01_2024.pdf
2024-01-16,1.811,2.015,1.281,0.878,,IMERISIO_DELTIO_PANELLINIO_16_01_2024.pdf
2024-01-17,1.813,2.027,1.642,0.878,1.284,IMERISIO_DELTIO_PANELLINIO_17_01_2024.pdf
2024-01-18,1.814,2.025,1.644,0.877,1.286,IMERISIO_DELTIO_PANELLINIO_18_01_2024.pdf
2024-01-19,1.815,2.020,1.646,0.879,1.288,IMERISIO_DELTIO_PANELLINIO_19_01_2024.pdf
2024-01-20,1.817,2.022,1.647,0.879,1.290,IMERISIO_DELTIO_PANELLINIO_20_01_2024.pdf
2024-01-21,1.816,2.025,1.648,0.879,1.290,IMERISIO_DELTIO_PANELLINIO_21_01_2024.pdf
2024-01-22,1.818,2.023,1.650,0.879,1.293,IMERISIO_DELTIO_PANELLINIO_22_01_2024.pdf
2024-01-23,1.820,2.020,1.651,0.879,1.294,IMERISIO_DELTIO_PANELLINIO_23_01_2024.pdf
2024-01-24,1.822,2.032,1.654,0.881,1.297,IMERISIO_DELTIO_PANELLINIO_24_01_2024.pdf
2024-01-25,1.825,2.032,1.657,0.881,1.300,IMERISIO_DELTIO_PANELLINIO_25_01_2024.pdf
2024-01-29,1.837,2.034,1.668,0.882,1.314,IMERISIO_DELTIO_PANELLINIO_29_01_2024.pdf
2024-01-30,1.842,2.035,1.673,0.883,1.322,IMERISIO_DELTIO_PANELLINIO_30_01_2024.pdf
2024-01-31,1.848,2.049,1.679,0.884,1.327,IMERISIO_DELTIO_PANELLINIO_31_01_2024.pdf
2024-02-01,1.852,2.050,1.685,0.886,1.331,IMERISIO_DELTIO_PANELLINIO_01_02_2024.pdf
2024-02-02,1.856,2.047,1.690,0.886,1.334,IMERISIO_DELTIO_PANELLINIO_02_02_2024.pdf
2024-02-03,1.857,2.050,1.692,0.887,1.335,IMERISIO_DELTIO_PANELLINIO_03_02_2024.pdf
2024-02-04,1.858,2.051,1.693,0.886,1.335,IMERISIO_DELTIO_PANELLINIO_04_02_2024.pdf
2024-02-05,1.858,2.050,1.695,0.886,1.336,IMERISIO_DELTIO_PANELLINIO_05_02_2024.pdf
2024-02-06,1.859,2.047,1.695,0.886,1.335,IMERISIO_DELTIO_PANELLINIO_06_02_2024.pdf
2024-02-07,1.859,2.056,1.695,0.886,1.333,IMERISIO_DELTIO_PANELLINIO_07_02_2024.pdf
2024-02-08,1.860,2.055,1.696,0.886,1.332,IMERISIO_DELTIO_PANELLINIO_08_02_2024.pdf
2024-02-09,1.863,2.052,1.700,0.886,1.332,IMERISIO_DELTIO_PANELLINIO_09_02_2024.pdf
2024-02-10,1.866,2.055,1.704,0.886,1.333,IMERISIO_DELTIO_PANELLINIO_10_02_2024.pdf
2024-02-11,1.867,2.057,1.706,0.887,1.333,IMERISIO_DELTIO_PANELLINIO_11_02_2024.pdf
2024-02-12,1.872,2.060,1.712,0.887,1.336,IMERISIO_DELTIO_PANELLINIO_12_02_2024.pdf
2024-02-13,1.879,2.061,1.719,0.888,1.338,IMERISIO_DELTIO_PANELLINIO_13_02_2024.pdf
2024-02-14,1.884,2.076,1.727,0.890,1.342,IMERISIO_DELTIO_PANELLINIO_14_02_2024.pdf
2024-02-15,1.890,2.078,1.733,0.891,1.343,IMERISIO_DELTIO_PANELLINIO_15_02_2024.pdf
2024-02-16,1.895,2.077,1.738,0.891,1.345,IMERISIO_DELTIO_PANELLINIO_16_02_2024.pdf
2024-02-17,1.898,2.079,1.740,0.891,1.346,IMERISIO_DELTIO_PANELLINIO_17_02_2024.pdf
2024-02-18,1.898,2.081,1.741,0.891,1.346,IMERISIO_DELTIO_PANELLINIO_18_02_2024.pdf
2024-02-19,1.900,2.081,1.742,0.891,1.346,IMERISIO_DELTIO_PANELLINIO_19_02_2024.pdf
2024-02-20,1.902,2.077,1.742,0.891,1.346,IMERISIO_DELTIO_PANELLINIO_20_02_2024.pdf
2024-02-21,1.903,2.089,1.743,0.891,1.345,IMERISIO_DELTIO_PANELLINIO_21_02_2024.pdf
2024-02-22,1.904,2.087,1.743,0.892,1.344,IMERISIO_DELTIO_PANELLINIO_22_02_2024.pdf
2024-02-23,1.903,2.082,1.741,0.891,1.342,IMERISIO_DELTIO_PANELLINIO_23_02_2024.pdf
2024-02-24,1.902,2.081,1.738,0.892,1.340,IMERISIO_DELTIO_PANELLINIO_24_02_2024.pdf
2024-02-25,1.901,2.082,1.738,0.892,1.340,IMERISIO_DELTIO_PANELLINIO_25_02_2024.pdf
2024-02-26,1.901,2.081,1.736,0.891,1.338,IMERISIO_DELTIO_PANELLINIO_26_02_2024.pdf
2024-02-27,1.901,2.077,1.732,0.891,1.337,IMERISIO_DELTIO_PANELLINIO_27_02_2024.pdf
2024-02-28,1.901,2.088,1.730,0.891,1.335,IMERISIO_DELTIO_PANELLINIO_28_02_2024.pdf
2024-02-29,1.902,2.087,1.728,0.891,1.334,IMERISIO_DELTIO_PANELLINIO_29_02_2024.pdf
2024-03-01,1.903,2.082,1.725,0.891,1.332,IMERISIO_DELTIO_PANELLINIO_01_03_2024.pdf
2024-03-02,1.905,2.085,1.723,0.891,1.331,IMERISIO_DELTIO_PANELLINIO_02_03_2024.pdf
2024-03-03,1.905,2.087,1.722,0.891,1.331,IMERISIO_DELTIO_PANELLINIO_03_03_2024.pdf
2024-03-04,1.907,2.087,1.720,0.891,1.330,IMERISIO_DELTIO_PANELLINIO_04_03_2024.pdf
2024-03-05,1.909,2.083,1.718,0.890,1.329,IMERISIO_DELTIO_PANELLINIO_05_03_2024.pdf
2024-03-06,1.909,2.094,1.715,0.891,1.329,IMERISIO_DELTIO_PANELLINIO_06_03_2024.pdf
2024-03-07,1.910,2.093,1.714,0.891,1.328,IMERISIO_DELTIO_PANELLINIO_07_03_2024.pdf
2024-03-08,1.909,2.087,1.712,0.891,1.328,IMERISIO_DELTIO_PANELLINIO_08_03_2024.pdf
2024-03-09,1.908,2.088,1.710,0.891,1.327,IMERISIO_DELTIO_PANELLINIO_09_03_2024.pdf
2024-03-10,1.908,2.089,1.710,0.891,1.327,IMERISIO_DELTIO_PANELLINIO_10_03_2024.pdf
2024-03-11,1.906,2.087,1.708,0.890,1.326,IMERISIO_DELTIO_PANELLINIO_11_03_2024.pdf
2024-03-12,1.905,2.082,1.705,0.889,1.325,IMERISIO_DELTIO_PANELLINIO_12_03_2024.pdf
2024-03-13,1.905,2.093,1.704,0.889,1.324,IMERISIO_DELTIO_PANELLINIO_13_03_2024.pdf
2024-03-14,1.905,2.091,1.702,0.889,1.322,IMERISIO_DELTIO_PANELLINIO_14_03_2024.pdf
2024-03-15,1.906,2.088,1.701,0.889,1.322,IMERISIO_DELTIO_PANELLINIO_15_03_2024.pdf
2024-03-16,1.908,2.090,0.889,1.322,,IMERISIO_DELTIO_PANELLINIO_16_03_2024.pdf
2024-03-17,1.908,2.091,1.700,0.889,1.322,IMERISIO_DELTIO_PANELLINIO_17_03_2024.pdf
2024-03-18,1.908,2.087,1.700,0.889,1.322,IMERISIO_DELTIO_PANELLINIO_18_03_2024.pdf
2024-03-19,1.913,2.088,1.701,0.888,1.323,IMERISIO_DELTIO_PANELLINIO_19_03_2024.pdf
2024-03-20,1.919,2.105,1.703,0.890,1.327,IMERISIO_DELTIO_PANELLINIO_20_03_2024.pdf
2024-03-21,1.925,2.112,1.706,0.889,1.330,IMERISIO_DELTIO_PANELLINIO_21_03_2024.pdf
2024-03-22,1.931,2.111,1.708,0.889,1.331,IMERISIO_DELTIO_PANELLINIO_22_03_2024.pdf
2024-03-23,1.933,2.114,0.889,1.332,,IMERISIO_DELTIO_PANELLINIO_23_03_2024.pdf
2024-03-24,1.934,2.115,1.709,0.889,1.332,IMERISIO_DELTIO_PANELLINIO_24_03_2024.pdf
2024-03-25,1.934,2.111,1.710,0.888,1.332,IMERISIO_DELTIO_PANELLINIO_25_03_2024.pdf
2024-03-26,1.937,2.110,1.709,0.889,1.332,IMERISIO_DELTIO_PANELLINIO_26_03_2024.pdf
2024-03-27,1.939,2.123,1.708,0.889,1.331,IMERISIO_DELTIO_PANELLINIO_27_03_2024.pdf
2024-03-28,1.940,2.122,1.708,0.890,1.330,IMERISIO_DELTIO_PANELLINIO_28_03_2024.pdf
2024-03-29,1.941,2.118,1.707,0.890,1.329,IMERISIO_DELTIO_PANELLINIO_29_03_2024.pdf
2024-03-30,1.942,2.120,1.707,0.890,1.328,IMERISIO_DELTIO_PANELLINIO_30_03_2024.pdf
2024-03-31,1.942,2.122,1.707,0.889,1.328,IMERISIO_DELTIO_PANELLINIO_31_03_2024.pdf
2024-04-01,1.943,2.120,1.707,0.889,1.327,IMERISIO_DELTIO_PANELLINIO_01_04_2024.pdf
2024-04-02,1.944,2.116,1.706,0.889,1.327,IMERISIO_DELTIO_PANELLINIO_02_04_2024.pdf
2024-04-03,1.945,2.128,1.706,0.889,1.327,IMERISIO_DELTIO_PANELLINIO_03_04_2024.pdf
2024-04-04,1.948,2.129,1.708,0.889,1.327,IMERISIO_DELTIO_PANELLINIO_04_04_2024.pdf
2024-04-05,1.951,2.128,1.709,0.889,1.327,IMERISIO_DELTIO_PANELLINIO_05_04_2024.pdf
2024-04-06,1.955,2.131,1.711,0.889,1.330,IMERISIO_DELTIO_PANELLINIO_06_04_2024.pdf
2024-04-07,1.955,2.133,1.711,0.889,1.330,IMERISIO_DELTIO_PANELLINIO_07_04_2024.pdf
2024-04-08,1.958,2.134,1.713,0.889,1.332,IMERISIO_DELTIO_PANELLINIO_08_04_2024.pdf
2024-04-09,1.961,2.135,1.714,0.888,1.333,IMERISIO_DELTIO_PANELLINIO_09_04_2024.pdf
2024-04-10,1.962,2.147,1.714,0.889,1.335,IMERISIO_DELTIO_PANELLINIO_10_04_2024.pdf
2024-04-11,1.962,2.147,1.715,0.888,1.335,IMERISIO_DELTIO_PANELLINIO_11_04_2024.pdf
2024-04-12,1.962,2.143,1.715,0.888,1.336,IMERISIO_DELTIO_PANELLINIO_12_04_2024.pdf
2024-04-13,1.963,2.144,1.715,0.888,1.336,IMERISIO_DELTIO_PANELLINIO_13_04_2024.pdf
2024-04-14,1.963,2.146,1.715,0.887,1.337,IMERISIO_DELTIO_PANELLINIO_14_04_2024.pdf
2024-04-15,1.965,2.145,1.715,0.887,1.338,IMERISIO_DELTIO_PANELLINIO_15_04_2024.pdf
2024-04-16,1.969,2.144,1.715,0.887,1.339,IMERISIO_DELTIO_PANELLINIO_16_04_2024.pdf
2024-04-17,1.972,2.158,1.715,0.888,1.339,IMERISIO_DELTIO_PANELLINIO_17_04_2024.pdf
2024-04-18,1.977,2.160,1.715,0.887,1.340,IMERISIO_DELTIO_PANELLINIO_18_04_2024.pdf
2024-04-19,1.981,2.159,1.715,0.888,1.340,IMERISIO_DELTIO_PANELLINIO_19_04_2024.pdf
2024-04-20,1.983,2.161,1.714,0.888,1.340,IMERISIO_DELTIO_PANELLINIO_20_04_2024.pdf
2024-04-21,1.983,2.162,1.713,0.888,1.341,IMERISIO_DELTIO_PANELLINIO_21_04_2024.pdf
2024-04-22,1.984,2.161,1.712,0.887,1.341,IMERISIO_DELTIO_PANELLINIO_22_04_2024.pdf
2024-04-23,1.985,2.157,1.708,0.886,1.340,IMERISIO_DELTIO_PANELLINIO_23_04_2024.pdf
2024-04-24,1.985,2.169,1.705,0.885,1.339,IMERISIO_DELTIO_PANELLINIO_24_04_2024.pdf
2024-04-25,1.984,2.167,1.702,0.884,1.337,IMERISIO_DELTIO_PANELLINIO_25_04_2024.pdf
2024-04-26,1.983,2.163,1.700,0.883,1.336,IMERISIO_DELTIO_PANELLINIO_26_04_2024.pdf
2024-04-27,1.983,2.163,1.698,0.882,1.335,IMERISIO_DELTIO_PANELLINIO_27_04_2024.pdf
2024-04-28,1.983,2.164,1.697,0.881,1.335,IMERISIO_DELTIO_PANELLINIO_28_04_2024.pdf
2024-04-29,1.982,2.160,1.695,0.880,1.335,IMERISIO_DELTIO_PANELLINIO_29_04_2024.pdf
2024-04-30,1.982,2.156,1.692,0.880,1.335,IMERISIO_DELTIO_PANELLINIO_30_04_2024.pdf
2024-05-01,1.982,2.166,1.690,0.879,,IMERISIO_DELTIO_PANELLINIO_01_05_2024.pdf
2024-05-02,1.981,2.162,1.688,0.878,,IMERISIO_DELTIO_PANELLINIO_02_05_2024.pdf
2024-05-03,1.980,2.161,1.686,0.878,,IMERISIO_DELTIO_PANELLINIO_03_05_2024.pdf
2024-05-04,1.977,2.160,1.683,0.877,,IMERISIO_DELTIO_PANELLINIO_04_05_2024.pdf
2024-05-05,1.976,2.160,1.682,0.877,1.333,IMERISIO_DELTIO_PANELLINIO_05_05_2024.pdf
2024-05-06,1.975,2.155,1.681,0.876,,IMERISIO_DELTIO_PANELLINIO_06_05_2024.pdf
2024-05-07,1.975,2.150,1.679,0.876,,IMERISIO_DELTIO_PANELLINIO_07_05_2024.pdf
2024-05-08,1.970,2.162,1.675,0.874,,IMERISIO_DELTIO_PANELLINIO_08_05_2024.pdf
2024-05-09,1.965,2.155,1.670,0.872,,IMERISIO_DELTIO_PANELLINIO_09_05_2024.pdf
2024-05-10,1.959,2.147,1.666,0.869,,IMERISIO_DELTIO_PANELLINIO_10_05_2024.pdf
2024-05-11,1.955,2.146,1.663,0.866,,IMERISIO_DELTIO_PANELLINIO_11_05_2024.pdf
2024-05-12,1.954,2.147,1.662,0.866,,IMERISIO_DELTIO_PANELLINIO_12_05_2024.pdf
2024-05-13,1.949,2.140,1.657,0.863,,IMERISIO_DELTIO_PANELLINIO_13_05_2024.pdf
2024-05-14,1.945,2.132,1.654,0.860,,IMERISIO_DELTIO_PANELLINIO_14_05_2024.pdf
2024-05-15,1.942,2.142,1.652,0.857,,IMERISIO_DELTIO_PANELLINIO_15_05_2024.pdf
2024-05-16,1.939,2.137,1.649,0.854,,IMERISIO_DELTIO_PANELLINIO_16_05_2024.pdf
2024-05-17,1.935,2.130,1.647,0.851,,IMERISIO_DELTIO_PANELLINIO_17_05_2024.pdf
2024-05-18,1.932,2.129,1.645,0.850,,IMERISIO_DELTIO_PANELLINIO_18_05_2024.pdf
2024-05-19,1.931,2.130,1.644,0.849,,IMERISIO_DELTIO_PANELLINIO_19_05_2024.pdf
2024-05-20,1.929,2.126,1.642,0.847,,IMERISIO_DELTIO_PANELLINIO_20_05_2024.pdf
2024-05-21,1.928,2.120,1.641,0.842,,IMERISIO_DELTIO_PANELLINIO_21_05_2024.pdf
2024-05-22,1.927,2.127,1.640,0.839,,IMERISIO_DELTIO_PANELLINIO_22_05_2024.pdf
2024-05-23,1.925,2.127,1.639,0.836,1.298,IMERISIO_DELTIO_PANELLINIO_23_05_2024.pdf
2024-05-24,1.922,2.121,1.638,0.834,,IMERISIO_DELTIO_PANELLINIO_24_05_2024.pdf
2024-05-25,1.920,2.120,1.637,0.833,,IMERISIO_DELTIO_PANELLINIO_25_05_2024.pdf
2024-05-26,1.919,2.121,1.636,0.831,,IMERISIO_DELTIO_PANELLINIO_26_05_2024.pdf
2024-05-27,1.915,2.115,1.635,0.830,,IMERISIO_DELTIO_PANELLINIO_27_05_2024.pdf
2024-05-28,1.913,2.109,1.633,0.829,,IMERISIO_DELTIO_PANELLINIO_28_05_2024.pdf
2024-05-29,1.910,2.118,1.631,0.829,,IMERISIO_DELTIO_PANELLINIO_29_05_2024.pdf
2024-05-30,1.909,2.115,1.631,0.829,,IMERISIO_DELTIO_PANELLINIO_30_05_2024.pdf
2024-05-31,1.907,2.110,1.630,0.830,,IMERISIO_DELTIO_PANELLINIO_31_05_2024.pdf
2024-06-01,1.906,2.110,1.630,0.829,,IMERISIO_DELTIO_PANELLINIO_01_06_2024.pdf
2024-06-02,1.905,2.111,1.629,0.828,,IMERISIO_DELTIO_PANELLINIO_02_06_2024.pdf
2024-06-03,1.904,2.107,1.629,0.829,,IMERISIO_DELTIO_PANELLINIO_03_06_2024.pdf
2024-06-04,1.902,2.101,1.627,0.829,,IMERISIO_DELTIO_PANELLINIO_04_06_2024.pdf
2024-06-05,1.898,2.109,1.624,0.828,,IMERISIO_DELTIO_PANELLINIO_05_06_2024.pdf
2024-06-06,1.892,2.097,1.621,0.828,,IMERISIO_DELTIO_PANELLINIO_06_06_2024.pdf
2024-06-07,1.885,2.088,1.616,0.827,,IMERISIO_DELTIO_PANELLINIO_07_06_2024.pdf
2024-06-08,1.881,2.086,1.613,0.827,,IMERISIO_DELTIO_PANELLINIO_08_06_2024.pdf
2024-06-09,1.879,2.086,1.612,0.826,,IMERISIO_DELTIO_PANELLINIO_09_06_2024.pdf
2024-06-10,1.875,2.081,1.609,0.826,,IMERISIO_DELTIO_PANELLINIO_10_06_2024.pdf
2024-06-11,1.873,2.075,1.608,0.825,,IMERISIO_DELTIO_PANELLINIO_11_06_2024.pdf
2024-06-12,1.872,2.085,1.608,0.824,,IMERISIO_DELTIO_PANELLINIO_12_06_2024.pdf
2024-06-13,1.873,2.083,1.610,0.824,,IMERISIO_DELTIO_PANELLINIO_13_06_2024.pdf
2024-06-14,1.875,2.079,1.614,0.824,,IMERISIO_DELTIO_PANELLINIO_14_06_2024.pdf
2024-06-15,1.876,2.081,1.616,0.823,,IMERISIO_DELTIO_PANELLINIO_15_06_2024.pdf
2024-06-16,1.875,2.082,1.616,0.823,,IMERISIO_DELTIO_PANELLINIO_16_06_2024.pdf
2024-06-17,1.875,2.080,1.620,0.822,,IMERISIO_DELTIO_PANELLINIO_17_06_2024.pdf
2024-06-18,1.877,2.076,1.623,0.822,,IMERISIO_DELTIO_PANELLINIO_18_06_2024.pdf
2024-06-19,1.880,2.088,1.628,0.822,,IMERISIO_DELTIO_PANELLINIO_19_06_2024.pdf
2024-06-20,1.882,2.088,1.634,0.824,,IMERISIO_DELTIO_PANELLINIO_20_06_2024.pdf
2024-06-21,1.885,2.085,1.639,0.829,,IMERISIO_DELTIO_PANELLINIO_21_06_2024.pdf
2024-06-22,1.888,2.088,0.831,,,IMERISIO_DELTIO_PANELLINIO_22_06_2024.pdf
2024-06-23,1.888,2.089,1.644,0.831,,IMERISIO_DELTIO_PANELLINIO_23_06_2024.pdf
2024-06-24,1.889,2.087,1.646,0.832,,IMERISIO_DELTIO_PANELLINIO_24_06_2024.pdf
2024-06-25,1.891,2.084,1.648,0.834,,IMERISIO_DELTIO_PANELLINIO_25_06_2024.pdf
2024-06-26,1.894,2.097,1.651,0.838,,IMERISIO_DELTIO_PANELLINIO_26_06_2024.pdf
2024-06-27,1.895,2.097,1.654,0.842,,IMERISIO_DELTIO_PANELLINIO_27_06_2024.pdf
2024-06-28,1.897,2.093,1.656,0.844,,IMERISIO_DELTIO_PANELLINIO_28_06_2024.pdf
2024-06-29,1.897,2.094,1.657,0.845,,IMERISIO_DELTIO_PANELLINIO_29_06_2024.pdf
2024-06-30,1.897,2.095,1.658,0.846,,IMERISIO_DELTIO_PANELLINIO_30_06_2024.pdf
2024-07-01,1.898,2.092,1.659,0.848,,IMERISIO_DELTIO_PANELLINIO_01_07_2024.pdf
2024-07-02,1.898,2.090,1.660,0.850,,IMERISIO_DELTIO_PANELLINIO_02_07_2024.pdf
2024-07-03,1.900,2.100,1.661,0.851,,IMERISIO_DELTIO_PANELLINIO_03_07_2024.pdf
2024-07-04,1.901,2.100,1.663,0.853,,IMERISIO_DELTIO_PANELLINIO_04_07_2024.pdf
2024-07-05,1.904,2.097,1.666,0.857,,IMERISIO_DELTIO_PANELLINIO_05_07_2024.pdf
2024-07-06,1.906,2.099,1.668,0.859,,IMERISIO_DELTIO_PANELLINIO_06_07_2024.pdf
2024-07-07,1.906,2.101,1.668,0.860,,IMERISIO_DELTIO_PANELLINIO_07_07_2024.pdf
2024-07-08,1.909,2.100,1.670,0.863,,IMERISIO_DELTIO_PANELLINIO_08_07_2024.pdf
2024-07-09,1.911,2.097,1.671,0.864,,IMERISIO_DELTIO_PANELLINIO_09_07_2024.pdf
2024-07-10,1.912,2.109,1.671,0.869,,IMERISIO_DELTIO_PANELLINIO_10_07_2024.pdf
2024-07-11,1.912,2.107,1.671,0.871,,IMERISIO_DELTIO_PANELLINIO_11_07_2024.pdf
2024-07-12,1.911,2.101,1.671,0.874,,IMERISIO_DELTIO_PANELLINIO_12_07_2024.pdf
2024-07-13,1.910,2.102,1.669,0.874,,IMERISIO_DELTIO_PANELLINIO_13_07_2024.pdf
2024-07-14,1.909,2.103,1.669,0.875,,IMERISIO_DELTIO_PANELLINIO_14_07_2024.pdf
2024-07-15,1.908,2.100,1.668,0.876,,IMERISIO_DELTIO_PANELLINIO_15_07_2024.pdf
2024-07-16,1.907,2.094,1.666,0.875,,IMERISIO_DELTIO_PANELLINIO_16_07_2024.pdf
2024-07-17,1.905,2.104,1.663,0.875,,IMERISIO_DELTIO_PANELLINIO_17_07_2024.pdf
2024-07-18,1.903,2.101,1.661,0.874,,IMERISIO_DELTIO_PANELLINIO_18_07_2024.pdf
2024-07-19,1.900,2.095,1.658,0.874,,IMERISIO_DELTIO_PANELLINIO_19_07_2024.pdf
2024-07-20,1.898,2.094,1.656,0.874,,IMERISIO_DELTIO_PANELLINIO_20_07_2024.pdf
2024-07-21,1.896,2.095,1.655,0.875,,IMERISIO_DELTIO_PANELLINIO_21_07_2024.pdf
2024-07-22,1.893,2.090,1.652,0.874,,IMERISIO_DELTIO_PANELLINIO_22_07_2024.pdf
2024-07-23,1.891,2.084,1.649,0.874,,IMERISIO_DELTIO_PANELLINIO_23_07_2024.pdf
2024-07-24,1.889,2.095,1.646,0.874,,IMERISIO_DELTIO_PANELLINIO_24_07_2024.pdf
2024-07-25,1.888,2.092,1.643,0.873,,IMERISIO_DELTIO_PANELLINIO_25_07_2024.pdf
2024-07-26,1.886,2.086,1.641,0.873,,IMERISIO_DELTIO_PANELLINIO_26_07_2024.pdf
2024-07-27,1.885,2.087,1.639,0.873,,IMERISIO_DELTIO_PANELLINIO_27_07_2024.pdf
2024-07-28,1.884,2.089,1.639,0.873,,IMERISIO_DELTIO_PANELLINIO_28_07_2024.pdf
2024-07-29,1.883,2.087,1.638,0.872,,IMERISIO_DELTIO_PANELLINIO_29_07_2024.pdf
2024-07-30,1.884,2.081,1.636,0.872,,IMERISIO_DELTIO_PANELLINIO_30_07_2024.pdf
2024-07-31,1.882,2.093,1.634,0.871,,IMERISIO_DELTIO_PANELLINIO_31_07_2024.pdf
2024-08-01,1.881,2.090,1.633,0.871,,IMERISIO_DELTIO_PANELLINIO_01_08_2024.pdf
2024-08-02,1.881,2.084,1.630,0.871,,IMERISIO_DELTIO_PANELLINIO_02_08_2024.pdf
2024-08-03,1.879,2.084,1.629,0.871,,IMERISIO_DELTIO_PANELLINIO_03_08_2024.pdf
2024-08-04,1.878,2.085,1.628,0.871,,IMERISIO_DELTIO_PANELLINIO_04_08_2024.pdf
2024-08-05,1.876,2.079,1.625,0.871,,IMERISIO_DELTIO_PANELLINIO_05_08_2024.pdf
2024-08-06,1.874,2.072,1.622,0.870,,IMERISIO_DELTIO_PANELLINIO_06_08_2024.pdf
2024-08-07,1.870,2.081,1.617,0.869,,IMERISIO_DELTIO_PANELLINIO_07_08_2024.pdf
2024-08-08,1.864,2.075,1.613,0.868,,IMERISIO_DELTIO_PANELLINIO_08_08_2024.pdf
2024-08-09,1.859,2.066,1.608,0.868,,IMERISIO_DELTIO_PANELLINIO_09_08_2024.pdf
2024-08-10,1.856,2.064,1.605,0.868,,IMERISIO_DELTIO_PANELLINIO_10_08_2024.pdf
2024-08-11,1.854,2.065,1.604,0.868,,IMERISIO_DELTIO_PANELLINIO_11_08_2024.pdf
2024-08-12,1.852,2.060,1.602,0.868,,IMERISIO_DELTIO_PANELLINIO_12_08_2024.pdf
2024-08-13,1.852,2.055,1.601,0.868,,IMERISIO_DELTIO_PANELLINIO_13_08_2024.pdf
2024-08-14,1.852,2.067,1.600,0.867,,IMERISIO_DELTIO_PANELLINIO_14_08_2024.pdf
2024-08-15,1.852,2.066,1.599,0.867,,IMERISIO_DELTIO_PANELLINIO_15_08_2024.pdf
2024-08-16,1.852,2.062,1.599,0.868,,IMERISIO_DELTIO_PANELLINIO_16_08_2024.pdf
2024-08-17,1.851,2.062,1.599,0.868,,IMERISIO_DELTIO_PANELLINIO_17_08_2024.pdf
2024-08-18,1.850,2.063,1.598,0.867,,IMERISIO_DELTIO_PANELLINIO_18_08_2024.pdf
2024-08-19,1.849,2.059,1.597,0.868,,IMERISIO_DELTIO_PANELLINIO_19_08_2024.pdf
2024-08-20,1.848,2.053,1.595,0.867,,IMERISIO_DELTIO_PANELLINIO_20_08_2024.pdf
2024-08-21,1.845,2.062,1.593,0.867,,IMERISIO_DELTIO_PANELLINIO_21_08_2024.pdf
2024-08-22,0.841,,,,,IMERISIO_DELTIO_PANELLINIO_22_08_2024.pdf
2024-08-23,1.834,2.048,1.585,0.867,,IMERISIO_DELTIO_PANELLINIO_23_08_2024.pdf
2024-08-24,1.829,2.044,1.580,0.867,,IMERISIO_DELTIO_PANELLINIO_24_08_2024.pdf
2024-08-25,1.826,2.044,1.579,0.867,,IMERISIO_DELTIO_PANELLINIO_25_08_2024.pdf
2024-08-26,1.821,2.038,1.575,0.866,,IMERISIO_DELTIO_PANELLINIO_26_08_2024.pdf
2024-08-27,1.818,2.031,1.571,0.864,,IMERISIO_DELTIO_PANELLINIO_27_08_2024.pdf
2024-08-28,1.815,2.040,1.569,0.864,,IMERISIO_DELTIO_PANELLINIO_28_08_2024.pdf
2024-08-29,1.813,2.037,1.567,0.864,,IMERISIO_DELTIO_PANELLINIO_29_08_2024.pdf
2024-08-30,1.811,2.031,1.566,0.865,,IMERISIO_DELTIO_PANELLINIO_30_08_2024.pdf
2024-09-01,1.810,2.031,,0.865,,IMERISIO_DELTIO_PANELLINIO_01_09_2024.pdf
2024-09-02,1.807,2.022,1.564,0.866,,IMERISIO_DELTIO_PANELLINIO_02_09_2024.pdf
2024-09-03,1.804,2.015,1.563,0.865,,IMERISIO_DELTIO_PANELLINIO_03_09_2024.pdf
2024-09-04,1.800,2.019,1.562,0.866,,IMERISIO_DELTIO_PANELLINIO_04_09_2024.pdf
2024-09-05,1.794,2.006,1.561,0.866,,IMERISIO_DELTIO_PANELLINIO_05_09_2024.pdf
2024-09-06,1.787,2.005,1.558,0.864,,IMERISIO_DELTIO_PANELLINIO_06_09_2024.pdf
2024-09-07,1.781,2.001,1.556,0.864,,IMERISIO_DELTIO_PANELLINIO_07_09_2024.pdf
2024-09-08,1.778,2.000,1.555,0.864,,IMERISIO_DELTIO_PANELLINIO_08_09_2024.pdf
2024-09-09,1.770,1.991,1.551,0.863,,IMERISIO_DELTIO_PANELLINIO_09_09_2024.pdf
2024-09-10,1.764,1.981,1.546,0.861,,IMERISIO_DELTIO_PANELLINIO_10_09_2024.pdf
2024-09-11,1.759,1.989,1.542,0.861,,IMERISIO_DELTIO_PANELLINIO_11_09_2024.pdf
2024-09-12,1.754,1.984,1.539,0.859,,IMERISIO_DELTIO_PANELLINIO_12_09_2024.pdf
2024-09-13,1.750,1.977,1.535,0.858,,IMERISIO_DELTIO_PANELLINIO_13_09_2024.pdf
2024-09-14,1.749,1.976,1.533,0.857,,IMERISIO_DELTIO_PANELLINIO_14_09_2024.pdf
2024-09-15,1.747,1.976,1.532,0.857,,IMERISIO_DELTIO_PANELLINIO_15_09_2024.pdf
2024-09-16,1.745,1.972,1.530,0.856,,IMERISIO_DELTIO_PANELLINIO_16_09_2024.pdf
2024-09-17,1.745,1.967,1.528,0.855,,IMERISIO_DELTIO_PANELLINIO_17_09_2024.pdf
2024-09-18,1.745,1.977,1.527,0.855,,IMERISIO_DELTIO_PANELLINIO_18_09_2024.pdf
2024-09-19,1.745,1.975,1.526,0.855,,IMERISIO_DELTIO_PANELLINIO_19_09_2024.pdf
2024-09-20,0.832,,,,,IMERISIO_DELTIO_PANELLINIO_20_09_2024.pdf
2024-09-21,1.748,1.975,1.526,0.855,,IMERISIO_DELTIO_PANELLINIO_21_09_2024.pdf
2024-09-22,1.747,1.976,1.525,0.855,,IMERISIO_DELTIO_PANELLINIO_22_09_2024.pdf
2024-09-23,1.749,1.973,1.525,0.856,,IMERISIO_DELTIO_PANELLINIO_23_09_2024.pdf
2024-09-24,1.751,1.970,1.525,0.857,,IMERISIO_DELTIO_PANELLINIO_24_09_2024.pdf
2024-09-25,1.752,1.982,1.525,0.858,,IMERISIO_DELTIO_PANELLINIO_25_09_2024.pdf
2024-09-26,1.752,1.981,1.525,0.860,,IMERISIO_DELTIO_PANELLINIO_26_09_2024.pdf
2024-09-27,1.752,1.976,1.525,0.862,,IMERISIO_DELTIO_PANELLINIO_27_09_2024.pdf
2024-09-28,1.752,1.977,1.525,0.863,,IMERISIO_DELTIO_PANELLINIO_28_09_2024.pdf
2024-09-29,1.751,1.978,1.524,0.863,,IMERISIO_DELTIO_PANELLINIO_29_09_2024.pdf
2024-09-30,1.751,1.974,1.524,0.864,,IMERISIO_DELTIO_PANELLINIO_30_09_2024.pdf
2024-10-01,1.751,1.969,1.523,0.865,,IMERISIO_DELTIO_PANELLINIO_01_10_2024.pdf
2024-10-02,1.751,1.981,1.522,0.868,,IMERISIO_DELTIO_PANELLINIO_02_10_2024.pdf
2024-10-03,1.751,1.974,1.523,0.870,,IMERISIO_DELTIO_PANELLINIO_03_10_2024.pdf
2024-10-04,1.752,1.969,1.524,0.874,,IMERISIO_DELTIO_PANELLINIO_04_10_2024.pdf
2024-10-05,1.753,1.972,1.526,0.876,,IMERISIO_DELTIO_PANELLINIO_05_10_2024.pdf
2024-10-06,1.754,1.973,1.526,0.877,,IMERISIO_DELTIO_PANELLINIO_06_10_2024.pdf
2024-10-07,1.757,1.973,1.530,0.883,,IMERISIO_DELTIO_PANELLINIO_07_10_2024.pdf
2024-10-08,1.763,1.971,1.534,0.889,,IMERISIO_DELTIO_PANELLINIO_08_10_2024.pdf
2024-10-09,1.769,1.987,1.539,0.893,,IMERISIO_DELTIO_PANELLINIO_09_10_2024.pdf
2024-10-10,1.773,1.988,1.543,0.897,,IMERISIO_DELTIO_PANELLINIO_10_10_2024.pdf
2024-10-11,1.778,1.988,1.547,0.900,,IMERISIO_DELTIO_PANELLINIO_11_10_2024.pdf
2024-10-12,1.782,1.991,1.550,0.903,,IMERISIO_DELTIO_PANELLINIO_12_10_2024.pdf
2024-10-13,1.783,1.993,1.550,0.904,,IMERISIO_DELTIO_PANELLINIO_13_10_2024.pdf
2024-10-14,1.786,1.992,1.552,0.908,,IMERISIO_DELTIO_PANELLINIO_14_10_2024.pdf
2024-10-15,1.790,1.991,1.552,0.911,1.192,IMERISIO_DELTIO_PANELLINIO_15_10_2024.pdf
2024-10-16,1.794,2.005,1.553,0.913,1.198,IMERISIO_DELTIO_PANELLINIO_16_10_2024.pdf
2024-10-17,1.795,2.005,1.553,0.915,1.196,IMERISIO_DELTIO_PANELLINIO_17_10_2024.pdf
2024-10-18,1.795,2.000,1.553,0.918,1.194,IMERISIO_DELTIO_PANELLINIO_18_10_2024.pdf
2024-10-19,1.794,2.000,1.552,0.919,1.191,IMERISIO_DELTIO_PANELLINIO_19_10_2024.pdf
2024-10-20,1.793,2.001,1.551,0.919,1.191,IMERISIO_DELTIO_PANELLINIO_20_10_2024.pdf
2024-10-21,1.793,1.997,1.550,0.920,1.187,IMERISIO_DELTIO_PANELLINIO_21_10_2024.pdf
2024-10-22,1.792,1.991,1.547,0.920,1.184,IMERISIO_DELTIO_PANELLINIO_22_10_2024.pdf
2024-10-23,1.791,2.002,1.545,0.920,1.182,IMERISIO_DELTIO_PANELLINIO_23_10_2024.pdf
2024-10-24,1.791,2.000,1.545,0.921,1.181,IMERISIO_DELTIO_PANELLINIO_24_10_2024.pdf
2024-10-25,1.791,1.995,1.545,0.923,1.182,IMERISIO_DELTIO_PANELLINIO_25_10_2024.pdf
2024-10-26,1.791,1.996,1.545,0.923,1.182,IMERISIO_DELTIO_PANELLINIO_26_10_2024.pdf
2024-10-27,1.790,1.997,1.544,0.924,1.182,IMERISIO_DELTIO_PANELLINIO_27_10_2024.pdf
2024-10-28,1.790,1.993,1.544,0.924,1.181,IMERISIO_DELTIO_PANELLINIO_28_10_2024.pdf
2024-10-29,1.790,1.990,1.543,0.926,1.181,IMERISIO_DELTIO_PANELLINIO_29_10_2024.pdf
2024-10-30,1.789,2.001,1.542,0.926,1.180,IMERISIO_DELTIO_PANELLINIO_30_10_2024.pdf
2024-10-31,1.786,1.998,1.542,0.927,1.179,IMERISIO_DELTIO_PANELLINIO_31_10_2024.pdf
2024-11-01,1.783,1.990,1.540,0.928,1.177,IMERISIO_DELTIO_PANELLINIO_01_11_2024.pdf
2024-11-02,1.781,1.989,1.540,0.928,1.177,IMERISIO_DELTIO_PANELLINIO_02_11_2024.pdf
2024-11-03,1.779,1.990,1.540,0.929,1.177,IMERISIO_DELTIO_PANELLINIO_03_11_2024.pdf
2024-11-04,1.777,1.985,1.539,0.930,1.176,IMERISIO_DELTIO_PANELLINIO_04_11_2024.pdf
2024-11-05,1.776,1.979,1.540,0.930,1.177,IMERISIO_DELTIO_PANELLINIO_05_11_2024.pdf
2024-11-06,1.775,1.990,1.541,0.930,1.177,IMERISIO_DELTIO_PANELLINIO_06_11_2024.pdf
2024-11-07,1.775,1.989,1.544,0.930,1.180,IMERISIO_DELTIO_PANELLINIO_07_11_2024.pdf
2024-11-08,1.775,1.984,1.547,0.931,1.183,IMERISIO_DELTIO_PANELLINIO_08_11_2024.pdf
2024-11-09,1.775,1.985,1.548,0.932,1.184,IMERISIO_DELTIO_PANELLINIO_09_11_2024.pdf
2024-11-10,1.775,1.987,1.549,0.932,1.184,IMERISIO_DELTIO_PANELLINIO_10_11_2024.pdf
2024-11-11,1.776,1.984,1.550,0.933,1.186,IMERISIO_DELTIO_PANELLINIO_11_11_2024.pdf
2024-11-12,1.776,1.979,1.550,0.933,1.186,IMERISIO_DELTIO_PANELLINIO_12_11_2024.pdf
2024-11-13,1.776,1.990,1.550,0.934,1.186,IMERISIO_DELTIO_PANELLINIO_13_11_2024.pdf
2024-11-14,1.775,1.988,1.550,0.934,1.185,IMERISIO_DELTIO_PANELLINIO_14_11_2024.pdf
2024-11-15,1.774,1.983,1.550,0.935,1.185,IMERISIO_DELTIO_PANELLINIO_15_11_2024.pdf
2024-11-16,1.774,1.984,1.550,0.934,1.186,IMERISIO_DELTIO_PANELLINIO_16_11_2024.pdf
2024-11-17,1.773,1.986,1.550,0.934,1.186,IMERISIO_DELTIO_PANELLINIO_17_11_2024.pdf
2024-11-18,1.773,1.982,1.551,0.935,1.186,IMERISIO_DELTIO_PANELLINIO_18_11_2024.pdf
2024-11-19,1.773,1.978,1.551,0.935,1.186,IMERISIO_DELTIO_PANELLINIO_19_11_2024.pdf
2024-11-20,1.774,1.990,1.553,0.935,1.188,IMERISIO_DELTIO_PANELLINIO_20_11_2024.pdf
2024-11-21,1.776,1.989,1.556,0.936,1.189,IMERISIO_DELTIO_PANELLINIO_21_11_2024.pdf
2024-11-22,1.779,1.986,1.561,0.936,1.192,IMERISIO_DELTIO_PANELLINIO_22_11_2024.pdf
2024-11-23,1.781,1.989,1.564,0.937,1.194,IMERISIO_DELTIO_PANELLINIO_23_11_2024.pdf
2024-11-24,1.781,1.990,1.565,0.937,1.195,IMERISIO_DELTIO_PANELLINIO_24_11_2024.pdf
2024-11-25,1.783,1.988,1.568,0.937,1.197,IMERISIO_DELTIO_PANELLINIO_25_11_2024.pdf
2024-11-26,1.785,1.986,1.570,0.939,1.198,IMERISIO_DELTIO_PANELLINIO_26_11_2024.pdf
2024-11-27,1.787,1.998,1.572,0.942,1.200,IMERISIO_DELTIO_PANELLINIO_27_11_2024.pdf
2024-11-28,1.788,1.997,1.574,0.943,1.201,IMERISIO_DELTIO_PANELLINIO_28_11_2024.pdf
2024-11-29,1.788,1.992,1.575,0.944,1.201,IMERISIO_DELTIO_PANELLINIO_29_11_2024.pdf
2024-11-30,1.788,1.993,1.575,0.944,1.201,IMERISIO_DELTIO_PANELLINIO_30_11_2024.pdf
2024-12-01,1.787,1.994,1.575,0.944,1.201,IMERISIO_DELTIO_PANELLINIO_01_12_2024.pdf
2024-12-02,1.787,1.991,1.575,0.941,1.200,IMERISIO_DELTIO_PANELLINIO_02_12_2024.pdf
2024-12-03,1.786,1.986,1.574,0.940,1.200,IMERISIO_DELTIO_PANELLINIO_03_12_2024.pdf
2024-12-04,1.785,1.996,1.573,0.939,1.199,IMERISIO_DELTIO_PANELLINIO_04_12_2024.pdf
2024-12-05,1.784,1.994,1.573,0.938,1.199,IMERISIO_DELTIO_PANELLINIO_05_12_2024.pdf
2024-12-06,1.783,1.989,1.573,0.937,1.199,IMERISIO_DELTIO_PANELLINIO_06_12_2024.pdf
2024-12-07,1.783,1.990,1.572,0.936,1.198,IMERISIO_DELTIO_PANELLINIO_07_12_2024.pdf
2024-12-08,1.782,1.991,1.571,0.936,1.198,IMERISIO_DELTIO_PANELLINIO_08_12_2024.pdf
2024-12-09,1.781,1.989,1.570,0.934,1.196,IMERISIO_DELTIO_PANELLINIO_09_12_2024.pdf
2024-12-10,1.781,1.984,1.570,0.935,1.196,IMERISIO_DELTIO_PANELLINIO_10_12_2024.pdf
2024-12-11,1.780,1.993,1.567,0.935,1.194,IMERISIO_DELTIO_PANELLINIO_11_12_2024.pdf
2024-12-12,1.780,1.992,1.566,0.934,1.193,IMERISIO_DELTIO_PANELLINIO_12_12_2024.pdf
2024-12-13,1.781,1.988,1.565,0.935,1.192,IMERISIO_DELTIO_PANELLINIO_13_12_2024.pdf
2024-12-14,1.782,1.989,1.566,0.936,1.193,IMERISIO_DELTIO_PANELLINIO_14_12_2024.pdf
2024-12-15,1.782,1.990,1.566,0.936,1.193,IMERISIO_DELTIO_PANELLINIO_15_12_2024.pdf
2024-12-16,1.783,1.987,1.566,0.937,1.194,IMERISIO_DELTIO_PANELLINIO_16_12_2024.pdf
2024-12-17,1.784,1.984,1.566,0.938,1.196,IMERISIO_DELTIO_PANELLINIO_17_12_2024.pdf
2024-12-18,1.785,1.997,1.567,0.938,1.197,IMERISIO_DELTIO_PANELLINIO_18_12_2024.pdf
2024-12-19,1.786,1.995,1.568,0.940,1.198,IMERISIO_DELTIO_PANELLINIO_19_12_2024.pdf
2024-12-20,1.788,1.991,1.570,0.941,1.199,IMERISIO_DELTIO_PANELLINIO_20_12_2024.pdf
2024-12-21,1.788,1.994,1.571,0.942,1.200,IMERISIO_DELTIO_PANELLINIO_21_12_2024.pdf
2024-12-22,1.788,1.996,1.572,0.942,1.200,IMERISIO_DELTIO_PANELLINIO_22_12_2024.pdf
2024-12-23,1.788,1.993,1.573,0.943,1.200,IMERISIO_DELTIO_PANELLINIO_23_12_2024.pdf
2024-12-24,1.789,1.988,1.573,0.943,1.201,IMERISIO_DELTIO_PANELLINIO_24_12_2024.pdf
2024-12-25,1.789,1.997,1.573,0.943,1.201,IMERISIO_DELTIO_PANELLINIO_25_12_2024.pdf
2024-12-26,1.790,1.997,1.573,0.943,1.201,IMERISIO_DELTIO_PANELLINIO_26_12_2024.pdf
2024-12-27,1.790,1.994,1.573,0.944,1.202,IMERISIO_DELTIO_PANELLINIO_27_12_2024.pdf
2024-12-28,1.790,1.995,1.574,0.944,1.202,IMERISIO_DELTIO_PANELLINIO_28_12_2024.pdf
2024-12-29,1.789,1.997,1.574,0.944,1.202,IMERISIO_DELTIO_PANELLINIO_29_12_2024.pdf
2024-12-30,1.790,1.994,1.574,0.945,1.202,IMERISIO_DELTIO_PANELLINIO_30_12_2024.pdf
2024-12-31,1.790,1.990,1.574,0.945,1.203,IMERISIO_DELTIO_PANELLINIO_31_12_2024.pdf
2025-01-01,1.790,1.999,1.574,0.946,1.203,IMERISIO_DELTIO_PANELLINIO_01_01_2025.pdf
2025-01-02,1.791,2.000,1.575,0.947,1.204,IMERISIO_DELTIO_PANELLINIO_02_01_2025.pdf
2025-01-03,1.794,1.998,1.578,0.950,1.209,IMERISIO_DELTIO_PANELLINIO_03_01_2025.pdf
2025-01-04,1.798,2.001,1.581,0.952,1.214,IMERISIO_DELTIO_PANELLINIO_04_01_2025.pdf
2025-01-05,1.798,2.003,1.581,0.953,1.215,IMERISIO_DELTIO_PANELLINIO_05_01_2025.pdf
2025-01-06,1.799,2.001,0.953,1.215,,IMERISIO_DELTIO_PANELLINIO_06_01_2025.pdf
2025-01-07,1.804,2.000,1.585,0.954,1.219,IMERISIO_DELTIO_PANELLINIO_07_01_2025.pdf
2025-01-08,1.809,2.015,1.589,0.956,1.222,IMERISIO_DELTIO_PANELLINIO_08_01_2025.pdf
2025-01-09,1.811,2.015,1.591,0.957,1.224,IMERISIO_DELTIO_PANELLINIO_09_01_2025.pdf
2025-01-10,1.812,2.012,1.593,0.958,1.226,IMERISIO_DELTIO_PANELLINIO_10_01_2025.pdf
2025-01-11,1.814,2.013,1.594,0.959,1.228,IMERISIO_DELTIO_PANELLINIO_11_01_2025.pdf
2025-01-12,1.814,2.016,1.595,0.959,1.229,IMERISIO_DELTIO_PANELLINIO_12_01_2025.pdf
2025-01-13,1.816,2.016,1.597,0.960,1.233,IMERISIO_DELTIO_PANELLINIO_13_01_2025.pdf
2025-01-14,1.822,2.016,1.602,0.962,1.241,IMERISIO_DELTIO_PANELLINIO_14_01_2025.pdf
2025-01-15,1.827,2.035,1.608,0.964,1.248,IMERISIO_DELTIO_PANELLINIO_15_01_2025.pdf
2025-01-16,1.833,2.039,1.617,0.966,1.258,IMERISIO_DELTIO_PANELLINIO_16_01_2025.pdf
2025-01-17,1.839,2.038,1.624,0.968,1.265,IMERISIO_DELTIO_PANELLINIO_17_01_2025.pdf
2025-01-18,1.841,2.042,1.628,0.969,1.269,IMERISIO_DELTIO_PANELLINIO_18_01_2025.pdf
2025-01-19,1.842,2.044,1.629,0.970,1.270,IMERISIO_DELTIO_PANELLINIO_19_01_2025.pdf
2025-01-20,1.844,2.042,1.633,0.970,1.273,IMERISIO_DELTIO_PANELLINIO_20_01_2025.pdf
2025-01-21,1.846,2.040,1.636,0.972,1.275,IMERISIO_DELTIO_PANELLINIO_21_01_2025.pdf
2025-01-22,1.848,2.053,1.638,0.973,1.276,IMERISIO_DELTIO_PANELLINIO_22_01_2025.pdf
2025-01-23,1.848,2.051,1.639,0.973,1.277,IMERISIO_DELTIO_PANELLINIO_23_01_2025.pdf
2025-01-24,1.848,2.047,1.640,0.972,1.276,IMERISIO_DELTIO_PANELLINIO_24_01_2025.pdf
2025-01-25,1.848,2.047,1.639,0.972,1.274,IMERISIO_DELTIO_PANELLINIO_25_01_2025.pdf
2025-01-26,1.847,2.048,1.638,0.972,1.274,IMERISIO_DELTIO_PANELLINIO_26_01_2025.pdf
2025-01-27,1.846,2.045,1.637,0.973,1.272,IMERISIO_DELTIO_PANELLINIO_27_01_2025.pdf
2025-01-28,1.845,2.040,1.635,0.973,1.269,IMERISIO_DELTIO_PANELLINIO_28_01_2025.pdf
2025-01-29,1.844,2.051,1.632,0.972,1.266,IMERISIO_DELTIO_PANELLINIO_29_01_2025.pdf
2025-01-30,1.842,2.048,1.630,0.972,1.263,IMERISIO_DELTIO_PANELLINIO_30_01_2025.pdf
2025-01-31,1.840,2.042,1.629,0.971,1.260,IMERISIO_DELTIO_PANELLINIO_31_01_2025.pdf
2025-02-01,1.839,2.043,1.627,0.972,1.258,IMERISIO_DELTIO_PANELLINIO_01_02_2025.pdf
2025-02-02,1.838,2.044,1.626,0.972,1.257,IMERISIO_DELTIO_PANELLINIO_02_02_2025.pdf
2025-02-03,1.837,2.039,1.624,0.972,1.255,IMERISIO_DELTIO_PANELLINIO_03_02_2025.pdf
2025-02-04,1.837,2.036,1.623,0.971,1.255,IMERISIO_DELTIO_PANELLINIO_04_02_2025.pdf
2025-02-05,1.837,2.047,1.623,0.972,1.255,IMERISIO_DELTIO_PANELLINIO_05_02_2025.pdf
2025-02-06,1.837,2.045,1.622,0.972,1.255,IMERISIO_DELTIO_PANELLINIO_06_02_2025.pdf
2025-02-07,1.836,2.039,1.622,0.972,1.255,IMERISIO_DELTIO_PANELLINIO_07_02_2025.pdf
2025-02-08,1.836,2.040,1.621,0.973,1.255,IMERISIO_DELTIO_PANELLINIO_08_02_2025.pdf
2025-02-09,1.835,2.042,1.621,0.973,1.255,IMERISIO_DELTIO_PANELLINIO_09_02_2025.pdf
2025-02-10,1.835,2.039,1.621,0.974,1.255,IMERISIO_DELTIO_PANELLINIO_10_02_2025.pdf
2025-02-11,1.836,2.034,1.620,0.974,1.255,IMERISIO_DELTIO_PANELLINIO_11_02_2025.pdf
2025-02-12,1.837,2.047,1.620,0.975,1.256,IMERISIO_DELTIO_PANELLINIO_12_02_2025.pdf
2025-02-13,1.838,2.045,1.622,0.976,1.257,IMERISIO_DELTIO_PANELLINIO_13_02_2025.pdf
2025-02-14,1.838,2.041,1.623,0.976,1.259,IMERISIO_DELTIO_PANELLINIO_14_02_2025.pdf
2025-02-15,1.839,2.042,1.623,0.977,1.259,IMERISIO_DELTIO_PANELLINIO_15_02_2025.pdf
2025-02-16,1.838,2.044,1.623,0.977,1.260,IMERISIO_DELTIO_PANELLINIO_16_02_2025.pdf
2025-02-17,1.839,2.041,1.624,0.978,1.261,IMERISIO_DELTIO_PANELLINIO_17_02_2025.pdf
2025-02-18,1.839,2.036,1.623,0.978,1.261,IMERISIO_DELTIO_PANELLINIO_18_02_2025.pdf
2025-02-19,1.838,2.048,1.623,0.979,1.261,IMERISIO_DELTIO_PANELLINIO_19_02_2025.pdf
2025-02-20,1.837,2.046,1.623,0.978,1.261,IMERISIO_DELTIO_PANELLINIO_20_02_2025.pdf
2025-02-21,1.838,2.041,1.624,0.978,1.261,IMERISIO_DELTIO_PANELLINIO_21_02_2025.pdf
2025-02-22,1.837,2.042,1.624,0.978,1.262,IMERISIO_DELTIO_PANELLINIO_22_02_2025.pdf
2025-02-23,1.836,2.043,1.624,0.978,1.262,IMERISIO_DELTIO_PANELLINIO_23_02_2025.pdf
2025-02-24,1.835,2.039,1.624,0.978,1.262,IMERISIO_DELTIO_PANELLINIO_24_02_2025.pdf
2025-02-25,1.835,2.034,1.623,0.977,1.262,IMERISIO_DELTIO_PANELLINIO_25_02_2025.pdf
2025-02-26,1.834,2.045,1.622,0.977,1.262,IMERISIO_DELTIO_PANELLINIO_26_02_2025.pdf
2025-02-27,1.830,2.041,1.621,0.977,1.259,IMERISIO_DELTIO_PANELLINIO_27_02_2025.pdf
2025-02-28,1.827,2.034,1.619,0.977,1.258,IMERISIO_DELTIO_PANELLINIO_28_02_2025.pdf
2025-03-01,1.825,2.032,1.617,0.976,1.256,IMERISIO_DELTIO_PANELLINIO_01_03_2025.pdf
2025-03-02,1.823,2.032,1.616,0.977,1.256,IMERISIO_DELTIO_PANELLINIO_02_03_2025.pdf
2025-03-03,1.822,2.025,1.616,0.977,1.256,IMERISIO_DELTIO_PANELLINIO_03_03_2025.pdf
2025-03-04,1.818,2.018,1.611,0.977,1.253,IMERISIO_DELTIO_PANELLINIO_04_03_2025.pdf
2025-03-05,1.812,2.029,1.607,0.977,1.248,IMERISIO_DELTIO_PANELLINIO_05_03_2025.pdf
2025-03-06,1.805,2.022,1.602,0.977,1.242,IMERISIO_DELTIO_PANELLINIO_06_03_2025.pdf
2025-03-07,1.796,2.010,1.596,0.976,1.237,IMERISIO_DELTIO_PANELLINIO_07_03_2025.pdf
2025-03-08,1.786,2.003,1.590,0.975,1.232,IMERISIO_DELTIO_PANELLINIO_08_03_2025.pdf
2025-03-09,1.783,2.003,1.588,0.975,1.231,IMERISIO_DELTIO_PANELLINIO_09_03_2025.pdf
2025-03-10,1.774,1.992,1.582,0.974,1.225,IMERISIO_DELTIO_PANELLINIO_10_03_2025.pdf
2025-03-11,1.767,1.980,1.575,0.973,1.219,IMERISIO_DELTIO_PANELLINIO_11_03_2025.pdf
2025-03-12,1.763,1.988,1.571,0.973,1.215,IMERISIO_DELTIO_PANELLINIO_12_03_2025.pdf
2025-03-13,1.760,1.984,1.568,0.972,1.212,IMERISIO_DELTIO_PANELLINIO_13_03_2025.pdf
2025-03-14,1.757,1.977,1.565,0.971,1.209,IMERISIO_DELTIO_PANELLINIO_14_03_2025.pdf
2025-03-15,1.757,1.977,1.562,0.972,1.207,IMERISIO_DELTIO_PANELLINIO_15_03_2025.pdf
2025-03-16,1.756,1.979,1.561,0.972,1.207,IMERISIO_DELTIO_PANELLINIO_16_03_2025.pdf
2025-03-17,1.756,1.975,1.559,0.973,1.205,IMERISIO_DELTIO_PANELLINIO_17_03_2025.pdf
2025-03-18,1.758,1.972,1.556,0.972,1.203,IMERISIO_DELTIO_PANELLINIO_18_03_2025.pdf
2025-03-19,1.758,1.983,1.554,0.972,1.201,IMERISIO_DELTIO_PANELLINIO_19_03_2025.pdf
2025-03-20,1.759,1.981,1.553,0.972,1.200,IMERISIO_DELTIO_PANELLINIO_20_03_2025.pdf
2025-03-21,1.760,1.977,1.552,0.972,1.199,IMERISIO_DELTIO_PANELLINIO_21_03_2025.pdf
2025-03-22,1.760,1.979,1.551,0.972,1.198,IMERISIO_DELTIO_PANELLINIO_22_03_2025.pdf
2025-03-23,1.760,1.980,1.550,0.972,1.197,IMERISIO_DELTIO_PANELLINIO_23_03_2025.pdf
2025-03-24,1.762,1.976,1.549,0.973,1.197,IMERISIO_DELTIO_PANELLINIO_24_03_2025.pdf
2025-03-25,1.763,1.971,1.549,0.973,1.197,IMERISIO_DELTIO_PANELLINIO_25_03_2025.pdf
2025-03-26,1.766,1.978,1.548,0.973,1.197,IMERISIO_DELTIO_PANELLINIO_26_03_2025.pdf
2025-03-27,1.771,1.991,1.550,0.973,1.198,IMERISIO_DELTIO_PANELLINIO_27_03_2025.pdf
2025-03-28,1.775,1.989,1.551,0.973,1.200,IMERISIO_DELTIO_PANELLINIO_28_03_2025.pdf
2025-03-29,1.779,1.992,1.552,0.974,1.200,IMERISIO_DELTIO_PANELLINIO_29_03_2025.pdf
2025-03-30,1.779,1.993,1.553,0.974,1.200,IMERISIO_DELTIO_PANELLINIO_30_03_2025.pdf
2025-03-31,1.782,1.990,1.553,0.974,1.201,IMERISIO_DELTIO_PANELLINIO_31_03_2025.pdf
2025-04-01,1.785,1.988,1.554,0.974,1.202,IMERISIO_DELTIO_PANELLINIO_01_04_2025.pdf
2025-04-02,1.788,2.003,1.555,0.974,1.203,IMERISIO_DELTIO_PANELLINIO_02_04_2025.pdf
2025-04-03,1.790,2.002,1.556,0.975,1.203,IMERISIO_DELTIO_PANELLINIO_03_04_2025.pdf
2025-04-04,1.791,1.998,1.556,0.974,1.203,IMERISIO_DELTIO_PANELLINIO_04_04_2025.pdf
2025-04-05,1.789,1.997,1.555,0.974,1.202,IMERISIO_DELTIO_PANELLINIO_05_04_2025.pdf
2025-04-06,1.788,1.998,1.554,0.973,1.202,IMERISIO_DELTIO_PANELLINIO_06_04_2025.pdf
2025-04-07,1.785,1.992,1.551,0.972,1.200,IMERISIO_DELTIO_PANELLINIO_07_04_2025.pdf
2025-04-08,1.780,1.983,1.546,0.971,1.194,IMERISIO_DELTIO_PANELLINIO_08_04_2025.pdf
2025-04-09,1.774,1.991,1.540,0.969,1.188,IMERISIO_DELTIO_PANELLINIO_09_04_2025.pdf
2025-04-10,1.765,1.983,1.531,0.964,1.180,IMERISIO_DELTIO_PANELLINIO_10_04_2025.pdf
2025-04-11,1.755,1.970,1.522,0.958,1.171,IMERISIO_DELTIO_PANELLINIO_11_04_2025.pdf
2025-04-12,1.747,1.966,1.514,0.953,1.164,IMERISIO_DELTIO_PANELLINIO_12_04_2025.pdf
2025-04-13,1.744,1.965,1.512,0.952,1.163,IMERISIO_DELTIO_PANELLINIO_13_04_2025.pdf
2025-04-14,1.736,1.957,1.504,0.946,1.157,IMERISIO_DELTIO_PANELLINIO_14_04_2025.pdf
2025-04-15,1.730,1.949,1.497,0.941,1.150,IMERISIO_DELTIO_PANELLINIO_15_04_2025.pdf
2025-04-16,1.727,1.958,1.493,0.937,1.146,IMERISIO_DELTIO_PANELLINIO_16_04_2025.pdf
2025-04-17,1.725,1.954,1.490,0.933,1.143,IMERISIO_DELTIO_PANELLINIO_17_04_2025.pdf
2025-04-18,1.724,1.948,1.489,0.931,1.141,IMERISIO_DELTIO_PANELLINIO_18_04_2025.pdf
2025-04-19,1.723,1.948,1.488,0.930,1.141,IMERISIO_DELTIO_PANELLINIO_19_04_2025.pdf
2025-04-20,1.722,1.950,1.487,0.930,1.140,IMERISIO_DELTIO_PANELLINIO_20_04_2025.pdf
2025-04-21,1.722,1.947,1.487,0.928,1.140,IMERISIO_DELTIO_PANELLINIO_21_04_2025.pdf
2025-04-22,1.722,1.942,1.485,0.925,1.139,IMERISIO_DELTIO_PANELLINIO_22_04_2025.pdf
2025-04-23,1.722,1.953,1.484,0.923,1.137,IMERISIO_DELTIO_PANELLINIO_23_04_2025.pdf
2025-04-24,1.721,1.950,1.484,0.921,1.136,IMERISIO_DELTIO_PANELLINIO_24_04_2025.pdf
2025-04-25,1.721,1.940,1.484,0.919,1.135,IMERISIO_DELTIO_PANELLINIO_25_04_2025.pdf
2025-04-26,1.720,1.941,1.483,0.918,1.135,IMERISIO_DELTIO_PANELLINIO_26_04_2025.pdf
2025-04-27,1.719,1.942,1.483,0.917,1.135,IMERISIO_DELTIO_PANELLINIO_27_04_2025.pdf
2025-04-28,1.719,1.937,1.482,0.915,1.134,IMERISIO_DELTIO_PANELLINIO_28_04_2025.pdf
2025-04-29,1.719,1.933,1.481,0.913,1.134,IMERISIO_DELTIO_PANELLINIO_29_04_2025.pdf
2025-04-30,1.719,1.945,1.481,0.912,1.133,IMERISIO_DELTIO_PANELLINIO_30_04_2025.pdf
2025-05-01,1.719,1.944,1.481,0.912,,IMERISIO_DELTIO_PANELLINIO_01_05_2025.pdf
2025-05-02,1.718,1.937,1.480,0.910,,IMERISIO_DELTIO_PANELLINIO_02_05_2025.pdf
2025-05-03,1.714,1.935,1.476,0.909,,IMERISIO_DELTIO_PANELLINIO_03_05_2025.pdf
2025-05-04,1.713,1.936,1.475,0.909,,IMERISIO_DELTIO_PANELLINIO_04_05_2025.pdf
2025-05-05,1.711,1.930,1.473,0.907,,IMERISIO_DELTIO_PANELLINIO_05_05_2025.pdf
2025-05-06,1.710,1.926,1.470,0.906,,IMERISIO_DELTIO_PANELLINIO_06_05_2025.pdf
2025-05-07,1.709,1.936,1.468,0.902,,IMERISIO_DELTIO_PANELLINIO_07_05_2025.pdf
2025-05-08,1.708,1.933,1.466,0.898,,IMERISIO_DELTIO_PANELLINIO_08_05_2025.pdf
2025-05-09,1.707,1.927,1.464,0.895,,IMERISIO_DELTIO_PANELLINIO_09_05_2025.pdf
2025-05-10,1.707,1.927,1.462,0.894,,IMERISIO_DELTIO_PANELLINIO_10_05_2025.pdf
2025-05-11,1.706,1.929,1.462,0.894,,IMERISIO_DELTIO_PANELLINIO_11_05_2025.pdf
2025-05-12,1.707,1.926,1.462,0.892,,IMERISIO_DELTIO_PANELLINIO_12_05_2025.pdf
2025-05-13,1.710,1.923,1.462,0.891,,IMERISIO_DELTIO_PANELLINIO_13_05_2025.pdf
2025-05-14,1.714,1.938,1.463,0.890,,IMERISIO_DELTIO_PANELLINIO_14_05_2025.pdf
2025-05-15,1.718,1.938,1.466,0.889,,IMERISIO_DELTIO_PANELLINIO_15_05_2025.pdf
2025-05-16,1.722,1.936,1.469,0.889,,IMERISIO_DELTIO_PANELLINIO_16_05_2025.pdf
2025-05-17,1.725,1.939,1.471,0.889,,IMERISIO_DELTIO_PANELLINIO_17_05_2025.pdf
2025-05-18,1.726,1.941,1.472,0.889,,IMERISIO_DELTIO_PANELLINIO_18_05_2025.pdf
2025-05-19,1.728,1.939,1.474,0.888,,IMERISIO_DELTIO_PANELLINIO_19_05_2025.pdf
2025-05-20,1.730,1.936,1.475,0.888,,IMERISIO_DELTIO_PANELLINIO_20_05_2025.pdf
2025-05-21,1.732,1.948,1.476,0.887,,IMERISIO_DELTIO_PANELLINIO_21_05_2025.pdf
2025-05-22,1.733,1.947,1.477,0.886,,IMERISIO_DELTIO_PANELLINIO_22_05_2025.pdf
2025-05-23,1.734,1.942,1.477,0.885,,IMERISIO_DELTIO_PANELLINIO_23_05_2025.pdf
2025-05-24,1.734,1.944,1.477,0.885,,IMERISIO_DELTIO_PANELLINIO_24_05_2025.pdf
2025-05-25,1.734,1.945,1.478,0.885,,IMERISIO_DELTIO_PANELLINIO_25_05_2025.pdf
2025-05-26,1.734,1.942,1.477,0.885,,IMERISIO_DELTIO_PANELLINIO_26_05_2025.pdf
2025-05-27,1.735,1.938,1.476,0.884,,IMERISIO_DELTIO_PANELLINIO_27_05_2025.pdf
2025-05-28,1.735,1.950,1.476,0.883,,IMERISIO_DELTIO_PANELLINIO_28_05_2025.pdf
2025-05-29,1.735,1.947,1.476,0.882,,IMERISIO_DELTIO_PANELLINIO_29_05_2025.pdf
2025-05-30,1.734,1.942,1.475,0.881,,IMERISIO_DELTIO_PANELLINIO_30_05_2025.pdf
2025-05-31,1.734,1.943,1.475,0.879,,IMERISIO_DELTIO_PANELLINIO_31_05_2025.pdf
2025-06-01,1.733,1.944,1.474,0.879,,IMERISIO_DELTIO_PANELLINIO_01_06_2025.pdf
2025-06-02,1.732,1.941,1.474,0.879,,IMERISIO_DELTIO_PANELLINIO_02_06_2025.pdf
2025-06-03,1.732,1.936,1.472,0.878,,IMERISIO_DELTIO_PANELLINIO_03_06_2025.pdf
2025-06-04,1.732,1.949,1.472,0.877,,IMERISIO_DELTIO_PANELLINIO_04_06_2025.pdf
2025-06-05,1.732,1.947,1.472,0.876,,IMERISIO_DELTIO_PANELLINIO_05_06_2025.pdf
2025-06-06,1.733,1.941,1.473,0.875,,IMERISIO_DELTIO_PANELLINIO_06_06_2025.pdf
2025-06-07,1.732,1.942,1.473,0.874,,IMERISIO_DELTIO_PANELLINIO_07_06_2025.pdf
2025-06-08,1.731,1.944,1.473,0.874,,IMERISIO_DELTIO_PANELLINIO_08_06_2025.pdf
2025-06-09,1.731,1.941,1.474,0.874,,IMERISIO_DELTIO_PANELLINIO_09_06_2025.pdf
2025-06-10,1.732,1.937,1.474,0.873,,IMERISIO_DELTIO_PANELLINIO_10_06_2025.pdf
2025-06-11,1.734,1.951,1.475,0.873,,IMERISIO_DELTIO_PANELLINIO_11_06_2025.pdf
2025-06-12,1.735,1.950,1.477,0.872,,IMERISIO_DELTIO_PANELLINIO_12_06_2025.pdf
2025-06-13,1.737,1.945,1.480,0.872,,IMERISIO_DELTIO_PANELLINIO_13_06_2025.pdf
2025-06-14,1.739,1.948,1.483,0.871,,IMERISIO_DELTIO_PANELLINIO_14_06_2025.pdf
2025-06-15,1.739,1.949,1.484,0.872,,IMERISIO_DELTIO_PANELLINIO_15_06_2025.pdf
2025-06-16,1.741,1.948,1.487,0.872,,IMERISIO_DELTIO_PANELLINIO_16_06_2025.pdf
2025-06-17,1.744,1.944,1.490,0.873,,IMERISIO_DELTIO_PANELLINIO_17_06_2025.pdf
2025-06-18,1.748,1.959,1.497,0.873,,IMERISIO_DELTIO_PANELLINIO_18_06_2025.pdf
2025-06-19,1.752,1.960,1.507,0.875,,IMERISIO_DELTIO_PANELLINIO_19_06_2025.pdf
2025-06-20,1.760,1.961,1.526,0.876,,IMERISIO_DELTIO_PANELLINIO_20_06_2025.pdf
2025-06-21,1.766,1.966,1.540,0.876,,IMERISIO_DELTIO_PANELLINIO_21_06_2025.pdf
2025-06-22,1.767,1.970,1.544,0.877,,IMERISIO_DELTIO_PANELLINIO_22_06_2025.pdf
2025-06-23,1.772,1.971,1.556,0.877,,IMERISIO_DELTIO_PANELLINIO_23_06_2025.pdf
2025-06-24,1.777,1.969,1.565,0.877,,IMERISIO_DELTIO_PANELLINIO_24_06_2025.pdf
2025-06-25,1.778,1.982,1.570,0.877,,IMERISIO_DELTIO_PANELLINIO_25_06_2025.pdf
2025-06-26,1.776,1.978,1.569,0.877,,IMERISIO_DELTIO_PANELLINIO_26_06_2025.pdf
2025-06-27,1.772,1.969,1.566,0.877,,IMERISIO_DELTIO_PANELLINIO_27_06_2025.pdf
2025-06-28,1.765,1.964,1.560,0.878,,IMERISIO_DELTIO_PANELLINIO_28_06_2025.pdf
2025-06-29,1.763,1.964,1.559,0.878,,IMERISIO_DELTIO_PANELLINIO_29_06_2025.pdf
2025-06-30,1.757,1.958,1.553,0.879,,IMERISIO_DELTIO_PANELLINIO_30_06_2025.pdf
2025-07-01,1.754,1.951,1.549,0.879,,IMERISIO_DELTIO_PANELLINIO_01_07_2025.pdf
2025-07-02,1.751,1.961,1.546,0.880,,IMERISIO_DELTIO_PANELLINIO_02_07_2025.pdf
2025-07-03,1.749,1.958,1.544,0.881,,IMERISIO_DELTIO_PANELLINIO_03_07_2025.pdf
2025-07-04,1.747,1.951,1.544,0.883,,IMERISIO_DELTIO_PANELLINIO_04_07_2025.pdf
2025-07-05,1.745,1.952,1.544,0.884,,IMERISIO_DELTIO_PANELLINIO_05_07_2025.pdf
2025-07-06,1.743,1.953,1.543,0.884,,IMERISIO_DELTIO_PANELLINIO_06_07_2025.pdf
2025-07-07,1.742,1.949,1.544,0.886,,IMERISIO_DELTIO_PANELLINIO_07_07_2025.pdf
2025-07-08,1.742,1.944,1.545,0.887,,IMERISIO_DELTIO_PANELLINIO_08_07_2025.pdf
2025-07-09,1.743,1.958,1.547,0.890,,IMERISIO_DELTIO_PANELLINIO_09_07_2025.pdf
2025-07-10,1.744,1.957,1.550,0.892,,IMERISIO_DELTIO_PANELLINIO_10_07_2025.pdf
2025-07-11,1.745,1.953,1.552,0.895,,IMERISIO_DELTIO_PANELLINIO_11_07_2025.pdf
2025-07-12,1.746,1.955,1.554,0.896,,IMERISIO_DELTIO_PANELLINIO_12_07_2025.pdf
2025-07-13,1.746,1.956,1.555,0.897,,IMERISIO_DELTIO_PANELLINIO_13_07_2025.pdf
2025-07-14,1.747,1.954,1.557,0.898,,IMERISIO_DELTIO_PANELLINIO_14_07_2025.pdf
2025-07-15,1.748,1.949,1.557,0.900,,IMERISIO_DELTIO_PANELLINIO_15_07_2025.pdf
2025-07-16,1.748,1.960,1.559,0.901,,IMERISIO_DELTIO_PANELLINIO_16_07_2025.pdf
2025-07-17,1.748,1.961,1.560,0.903,,IMERISIO_DELTIO_PANELLINIO_17_07_2025.pdf
2025-07-18,1.749,1.955,1.561,0.905,,IMERISIO_DELTIO_PANELLINIO_18_07_2025.pdf
2025-07-19,1.749,1.957,1.562,0.907,,IMERISIO_DELTIO_PANELLINIO_19_07_2025.pdf
2025-07-20,1.748,1.958,1.562,0.907,,IMERISIO_DELTIO_PANELLINIO_20_07_2025.pdf
2025-07-21,1.748,1.955,1.563,0.911,,IMERISIO_DELTIO_PANELLINIO_21_07_2025.pdf
2025-07-22,1.749,1.950,1.563,0.914,,IMERISIO_DELTIO_PANELLINIO_22_07_2025.pdf
2025-07-23,1.749,1.962,1.564,0.916,,IMERISIO_DELTIO_PANELLINIO_23_07_2025.pdf
2025-07-24,1.749,1.960,1.564,0.918,,IMERISIO_DELTIO_PANELLINIO_24_07_2025.pdf
2025-07-25,1.748,1.954,1.564,0.921,,IMERISIO_DELTIO_PANELLINIO_25_07_2025.pdf
2025-07-26,1.747,1.954,1.563,0.922,,IMERISIO_DELTIO_PANELLINIO_26_07_2025.pdf
2025-07-27,1.746,1.956,1.564,0.922,,IMERISIO_DELTIO_PANELLINIO_27_07_2025.pdf
2025-07-28,1.745,1.952,1.563,0.925,,IMERISIO_DELTIO_PANELLINIO_28_07_2025.pdf
2025-07-29,1.744,1.946,1.561,0.927,,IMERISIO_DELTIO_PANELLINIO_29_07_2025.pdf
2025-07-30,1.744,1.959,1.560,0.929,,IMERISIO_DELTIO_PANELLINIO_30_07_2025.pdf
2025-07-31,1.745,1.957,1.560,0.929,,IMERISIO_DELTIO_PANELLINIO_31_07_2025.pdf
2025-08-01,1.747,1.954,1.560,0.931,,IMERISIO_DELTIO_PANELLINIO_01_08_2025.pdf
2025-08-02,1.749,1.956,1.560,0.932,,IMERISIO_DELTIO_PANELLINIO_02_08_2025.pdf
2025-08-03,1.748,1.957,1.560,0.933,,IMERISIO_DELTIO_PANELLINIO_03_08_2025.pdf
2025-08-04,1.749,1.955,1.560,0.934,,IMERISIO_DELTIO_PANELLINIO_04_08_2025.pdf
2025-08-05,1.750,1.951,1.559,0.933,,IMERISIO_DELTIO_PANELLINIO_05_08_2025.pdf
2025-08-06,1.750,1.963,1.557,0.934,,IMERISIO_DELTIO_PANELLINIO_06_08_2025.pdf
2025-08-07,1.750,1.961,1.557,0.934,,IMERISIO_DELTIO_PANELLINIO_07_08_2025.pdf
2025-08-08,1.750,1.955,1.555,0.933,,IMERISIO_DELTIO_PANELLINIO_08_08_2025.pdf
2025-08-09,1.749,1.957,1.553,0.932,,IMERISIO_DELTIO_PANELLINIO_09_08_2025.pdf
2025-08-10,1.748,1.958,1.553,0.932,,IMERISIO_DELTIO_PANELLINIO_10_08_2025.pdf
2025-08-11,1.748,1.955,1.551,0.932,,IMERISIO_DELTIO_PANELLINIO_11_08_2025.pdf
2025-08-12,1.748,1.949,1.549,0.931,,IMERISIO_DELTIO_PANELLINIO_12_08_2025.pdf
2025-08-13,1.748,1.961,1.548,0.930,,IMERISIO_DELTIO_PANELLINIO_13_08_2025.pdf
2025-08-14,1.748,1.959,1.547,0.930,,IMERISIO_DELTIO_PANELLINIO_14_08_2025.pdf
2025-08-15,1.747,1.955,1.546,0.930,,IMERISIO_DELTIO_PANELLINIO_15_08_2025.pdf
2025-08-16,1.747,1.955,1.545,0.928,,IMERISIO_DELTIO_PANELLINIO_16_08_2025.pdf
2025-08-17,1.746,1.956,1.545,0.928,,IMERISIO_DELTIO_PANELLINIO_17_08_2025.pdf
2025-08-18,1.744,1.953,1.542,0.926,,IMERISIO_DELTIO_PANELLINIO_18_08_2025.pdf
2025-08-19,1.744,1.947,1.538,0.924,,IMERISIO_DELTIO_PANELLINIO_19_08_2025.pdf
2025-08-20,1.743,1.959,1.535,0.923,,IMERISIO_DELTIO_PANELLINIO_20_08_2025.pdf
2025-08-21,1.743,1.958,1.534,0.922,,IMERISIO_DELTIO_PANELLINIO_21_08_2025.pdf
2025-08-22,1.743,1.952,1.534,0.921,,IMERISIO_DELTIO_PANELLINIO_22_08_2025.pdf
2025-08-23,1.743,1.953,1.534,0.921,,IMERISIO_DELTIO_PANELLINIO_23_08_2025.pdf
2025-08-24,1.742,1.955,1.533,0.920,,IMERISIO_DELTIO_PANELLINIO_24_08_2025.pdf
2025-08-25,1.742,1.952,1.533,0.920,,IMERISIO_DELTIO_PANELLINIO_25_08_2025.pdf
2025-08-26,1.744,1.947,1.532,0.919,,IMERISIO_DELTIO_PANELLINIO_26_08_2025.pdf
2025-08-27,1.744,1.960,1.533,0.919,,IMERISIO_DELTIO_PANELLINIO_27_08_2025.pdf
2025-08-28,1.745,1.958,1.534,0.918,,IMERISIO_DELTIO_PANELLINIO_28_08_2025.pdf
2025-08-29,1.745,1.952,1.534,0.918,,IMERISIO_DELTIO_PANELLINIO_29_08_2025.pdf
2025-08-30,1.745,1.953,1.534,0.918,,IMERISIO_DELTIO_PANELLINIO_30_08_2025.pdf
2025-08-31,1.745,1.955,1.535,0.918,,IMERISIO_DELTIO_PANELLINIO_31_08_2025.pdf
2025-09-01,1.745,1.952,1.535,0.917,,IMERISIO_DELTIO_PANELLINIO_01_09_2025.pdf
2025-09-02,1.746,1.946,1.534,0.917,,IMERISIO_DELTIO_PANELLINIO_02_09_2025.pdf
2025-09-03,1.746,1.960,1.535,0.917,,IMERISIO_DELTIO_PANELLINIO_03_09_2025.pdf
2025-09-04,1.748,1.959,1.536,0.917,,IMERISIO_DELTIO_PANELLINIO_04_09_2025.pdf
2025-09-05,1.750,1.955,1.538,0.916,,IMERISIO_DELTIO_PANELLINIO_05_09_2025.pdf
2025-09-06,1.751,1.957,1.539,0.916,,IMERISIO_DELTIO_PANELLINIO_06_09_2025.pdf
2025-09-07,1.751,1.958,1.539,0.916,,IMERISIO_DELTIO_PANELLINIO_07_09_2025.pdf
2025-09-08,1.752,1.956,1.540,0.915,,IMERISIO_DELTIO_PANELLINIO_08_09_2025.pdf
2025-09-09,1.753,1.951,1.540,0.915,,IMERISIO_DELTIO_PANELLINIO_09_09_2025.pdf
2025-09-10,1.754,1.965,1.540,0.915,,IMERISIO_DELTIO_PANELLINIO_10_09_2025.pdf
2025-09-11,1.755,1.964,1.540,0.916,,IMERISIO_DELTIO_PANELLINIO_11_09_2025.pdf
2025-09-12,1.755,1.959,1.540,0.917,,IMERISIO_DELTIO_PANELLINIO_12_09_2025.pdf
2025-09-13,1.756,1.960,1.541,0.918,,IMERISIO_DELTIO_PANELLINIO_13_09_2025.pdf
2025-09-14,1.755,1.962,1.541,0.919,,IMERISIO_DELTIO_PANELLINIO_14_09_2025.pdf
2025-09-15,1.755,1.959,1.541,0.920,,IMERISIO_DELTIO_PANELLINIO_15_09_2025.pdf
2025-09-16,1.757,1.955,1.540,0.924,,IMERISIO_DELTIO_PANELLINIO_16_09_2025.pdf
2025-09-17,1.757,1.968,1.541,0.929,,IMERISIO_DELTIO_PANELLINIO_17_09_2025.pdf
2025-09-18,1.757,1.967,1.542,0.933,,IMERISIO_DELTIO_PANELLINIO_18_09_2025.pdf
2025-09-19,1.758,1.963,1.543,0.937,,IMERISIO_DELTIO_PANELLINIO_19_09_2025.pdf
2025-09-20,1.758,1.963,1.543,0.939,,IMERISIO_DELTIO_PANELLINIO_20_09_2025.pdf
2025-09-21,1.757,1.965,1.543,0.940,,IMERISIO_DELTIO_PANELLINIO_21_09_2025.pdf
2025-09-22,1.757,1.963,1.544,0.943,,IMERISIO_DELTIO_PANELLINIO_22_09_2025.pdf
2025-09-23,1.757,1.958,1.543,0.945,,IMERISIO_DELTIO_PANELLINIO_23_09_2025.pdf
2025-09-24,1.757,1.970,1.543,0.946,,IMERISIO_DELTIO_PANELLINIO_24_09_2025.pdf
2025-09-25,1.757,1.967,1.544,0.947,,IMERISIO_DELTIO_PANELLINIO_25_09_2025.pdf
2025-09-26,1.757,1.962,1.544,0.948,,IMERISIO_DELTIO_PANELLINIO_26_09_2025.pdf
2025-09-27,1.757,1.963,1.545,0.949,,IMERISIO_DELTIO_PANELLINIO_27_09_2025.pdf
2025-09-28,1.756,1.965,1.545,0.949,,IMERISIO_DELTIO_PANELLINIO_28_09_2025.pdf
2025-09-29,1.756,1.962,1.546,0.950,,IMERISIO_DELTIO_PANELLINIO_29_09_2025.pdf
2025-09-30,1.758,1.957,1.545,0.950,,IMERISIO_DELTIO_PANELLINIO_30_09_2025.pdf
2025-10-01,1.758,1.969,1.545,0.950,,IMERISIO_DELTIO_PANELLINIO_01_10_2025.pdf
2025-10-02,1.758,1.967,1.546,0.951,,IMERISIO_DELTIO_PANELLINIO_02_10_2025.pdf
2025-10-03,1.757,1.961,1.546,0.951,,IMERISIO_DELTIO_PANELLINIO_03_10_2025.pdf
2025-10-04,1.755,1.960,1.545,0.951,,IMERISIO_DELTIO_PANELLINIO_04_10_2025.pdf
2025-10-05,1.753,1.961,1.545,0.950,,IMERISIO_DELTIO_PANELLINIO_05_10_2025.pdf
2025-10-06,1.751,1.956,1.544,0.949,,IMERISIO_DELTIO_PANELLINIO_06_10_2025.pdf
2025-10-07,1.749,1.949,1.541,0.947,,IMERISIO_DELTIO_PANELLINIO_07_10_2025.pdf
2025-10-08,1.747,1.961,1.539,0.947,,IMERISIO_DELTIO_PANELLINIO_08_10_2025.pdf
2025-10-09,1.745,1.958,1.538,0.946,,IMERISIO_DELTIO_PANELLINIO_09_10_2025.pdf
2025-10-10,1.744,1.952,1.538,0.945,,IMERISIO_DELTIO_PANELLINIO_10_10_2025.pdf
2025-10-11,1.743,1.954,1.537,0.945,,IMERISIO_DELTIO_PANELLINIO_11_10_2025.pdf
2025-10-12,1.742,1.955,1.537,0.945,,IMERISIO_DELTIO_PANELLINIO_12_10_2025.pdf
2025-10-13,1.741,1.952,1.536,0.944,,IMERISIO_DELTIO_PANELLINIO_13_10_2025.pdf
2025-10-14,1.740,1.946,1.535,0.944,,IMERISIO_DELTIO_PANELLINIO_14_10_2025.pdf
2025-10-15,1.739,1.958,1.534,0.944,1.128,IMERISIO_DELTIO_PANELLINIO_15_10_2025.pdf
2025-10-16,1.737,1.955,1.532,0.943,1.130,IMERISIO_DELTIO_PANELLINIO_16_10_2025.pdf
2025-10-17,1.736,1.948,1.531,0.943,1.130,IMERISIO_DELTIO_PANELLINIO_17_10_2025.pdf
2025-10-18,1.735,1.949,1.530,0.943,1.129,IMERISIO_DELTIO_PANELLINIO_18_10_2025.pdf
2025-10-19,1.733,1.949,1.529,0.943,1.129,IMERISIO_DELTIO_PANELLINIO_19_10_2025.pdf
2025-10-20,1.732,1.945,1.527,0.943,1.127,IMERISIO_DELTIO_PANELLINIO_20_10_2025.pdf
2025-10-21,1.732,1.940,1.525,0.942,1.126,IMERISIO_DELTIO_PANELLINIO_21_10_2025.pdf
2025-10-22,1.731,1.951,1.523,0.942,1.125,IMERISIO_DELTIO_PANELLINIO_22_10_2025.pdf
2025-10-23,1.730,1.949,1.523,0.942,1.123,IMERISIO_DELTIO_PANELLINIO_23_10_2025.pdf
2025-10-24,1.731,1.944,1.524,0.940,1.126,IMERISIO_DELTIO_PANELLINIO_24_10_2025.pdf
2025-10-25,1.732,1.946,1.526,0.940,1.131,IMERISIO_DELTIO_PANELLINIO_25_10_2025.pdf
2025-10-26,1.732,1.948,1.526,0.940,1.131,IMERISIO_DELTIO_PANELLINIO_26_10_2025.pdf
2025-10-27,1.733,1.946,1.528,0.940,1.135,IMERISIO_DELTIO_PANELLINIO_27_10_2025.pdf
2025-10-28,1.735,1.938,1.529,0.940,1.136,IMERISIO_DELTIO_PANELLINIO_28_10_2025.pdf
2025-10-29,1.738,1.944,1.534,0.941,1.145,IMERISIO_DELTIO_PANELLINIO_29_10_2025.pdf
2025-10-30,1.740,1.956,1.540,0.942,1.151,IMERISIO_DELTIO_PANELLINIO_30_10_2025.pdf
2025-10-31,1.742,1.951,1.545,0.942,1.155,IMERISIO_DELTIO_PANELLINIO_31_10_2025.pdf
2025-11-01,1.742,1.953,1.547,0.942,1.157,IMERISIO_DELTIO_PANELLINIO_01_11_2025.pdf
2025-11-02,1.741,1.954,1.548,0.941,1.158,IMERISIO_DELTIO_PANELLINIO_02_11_2025.pdf
2025-11-03,1.742,1.952,1.550,0.941,1.160,IMERISIO_DELTIO_PANELLINIO_3_11_2025.pdf
2025-11-04,1.743,1.947,1.552,0.941,1.162,IMERISIO_DELTIO_PANELLINIO_04_11_2025.pdf
2025-11-05,1.744,1.960,1.554,0.941,1.163,IMERISIO_DELTIO_PANELLINIO_5_11_2025.pdf
2025-11-06,1.746,1.959,1.558,0.942,1.165,IMERISIO_DELTIO_PANELLINIO_6_11_2025.pdf
2025-11-07,1.748,1.956,1.564,0.944,1.168,IMERISIO_DELTIO_PANELLINIO_07_11_2025.pdf
2025-11-08,1.749,1.958,1.567,0.945,1.170,IMERISIO_DELTIO_PANELLINIO_08_11_2025.pdf
2025-11-09,1.749,1.960,1.568,0.945,1.171,IMERISIO_DELTIO_PANELLINIO_09_11_2025.pdf
2025-11-10,1.750,1.957,1.571,0.945,1.173,IMERISIO_DELTIO_PANELLINIO_10_11_2025.pdf
2025-11-11,1.752,1.954,1.574,0.946,1.174,IMERISIO_DELTIO_PANELLINIO_11_11_2025.pdf
2025-11-12,1.754,1.968,1.579,0.946,1.176,IMERISIO_DELTIO_PANELLINIO_12_11_2025.pdf
2025-11-13,1.756,1.967,1.582,0.947,1.176,IMERISIO_DELTIO_PANELLINIO_13_11_2025.pdf
2025-11-14,1.758,1.963,1.584,0.948,1.176,IMERISIO_DELTIO_PANELLINIO_14_11_2025.pdf
2025-11-15,1.758,1.964,1.586,0.948,1.176,IMERISIO_DELTIO_PANELLINIO_15_11_2025.pdf
2025-11-16,1.758,1.966,1.586,0.948,1.176,IMERISIO_DELTIO_PANELLINIO_16_11_2025.pdf
2025-11-17,1.759,1.964,1.588,0.948,1.176,IMERISIO_DELTIO_PANELLINIO_17_11_2025.pdf
2025-11-18,1.761,1.959,1.588,0.947,1.177,IMERISIO_DELTIO_PANELLINIO_18_11_2025.pdf
2025-11-19,1.762,1.973,1.590,0.946,1.177,IMERISIO_DELTIO_PANELLINIO_19_11_2025.pdf
2025-11-20,1.764,1.973,1.595,0.947,1.180,IMERISIO_DELTIO_PANELLINIO_20_11_2025.pdf
2025-11-21,1.765,1.968,1.598,0.948,1.182,IMERISIO_DELTIO_PANELLINIO_21_11_2025.pdf
2025-11-22,1.766,1.969,1.600,0.949,1.182,IMERISIO_DELTIO_PANELLINIO_22_11_2025.pdf
2025-11-23,1.765,1.971,1.600,0.948,1.183,IMERISIO_DELTIO_PANELLINIO_23_11_2025.pdf
2025-11-24,1.766,1.967,1.602,0.949,1.183,IMERISIO_DELTIO_PANELLINIO_24_11_2025.pdf
2025-11-25,1.766,1.963,1.602,0.950,1.183,IMERISIO_DELTIO_PANELLINIO_25_11_2025.pdf
2025-11-26,1.766,1.975,1.601,0.952,1.181,IMERISIO_DELTIO_PANELLINIO_26_11_2025.pdf
2025-11-27,1.765,1.973,1.600,0.957,1.177,IMERISIO_DELTIO_PANELLINIO_27_11_2025.pdf
2025-11-28,1.765,1.967,1.598,0.960,1.173,IMERISIO_DELTIO_PANELLINIO_28_11_2025.pdf
2025-11-29,1.765,1.969,1.595,0.963,1.169,IMERISIO_DELTIO_PANELLINIO_29_11_2025.pdf
2025-11-30,1.764,1.971,1.595,0.964,1.168,IMERISIO_DELTIO_PANELLINIO_30_11_2025.pdf
2025-12-01,1.764,1.968,1.593,0.966,1.165,IMERISIO_DELTIO_PANELLINIO_01_12_2025.pdf
2025-12-02,1.765,1.962,1.589,0.969,1.163,IMERISIO_DELTIO_PANELLINIO_02_12_2025.pdf
2025-12-03,1.765,1.975,1.588,0.971,1.162,IMERISIO_DELTIO_PANELLINIO_3_12_2025.pdf
2025-12-04,1.765,1.973,1.586,0.974,1.160,IMERISIO_DELTIO_PANELLINIO_04_12_2025.pdf
2025-12-05,1.764,1.967,1.583,0.976,1.158,IMERISIO_DELTIO_PANELLINIO_05_12_2025.pdf
2025-12-06,1.764,1.968,1.581,0.977,1.157,IMERISIO_DELTIO_PANELLINIO_06_12_2025.pdf
2025-12-07,1.763,1.970,1.580,0.978,1.156,IMERISIO_DELTIO_PANELLINIO_07_12_2025.pdf
2025-12-08,1.762,1.966,1.577,0.980,1.155,IMERISIO_DELTIO_PANELLINIO_08_12_2025.pdf
2025-12-09,1.761,1.960,1.573,0.981,1.154,IMERISIO_DELTIO_PANELLINIO_09_12_2025.pdf
2025-12-10,1.760,1.972,1.570,0.983,1.153,IMERISIO_DELTIO_PANELLINIO_10_12_2025.pdf
2025-12-11,1.759,1.969,1.567,0.984,1.151,IMERISIO_DELTIO_PANELLINIO_11_12_2025.pdf
2025-12-12,1.757,1.963,1.564,0.986,1.150,IMERISIO_DELTIO_PANELLINIO_12_12_2025.pdf
2025-12-13,1.756,1.963,1.563,0.986,1.149,IMERISIO_DELTIO_PANELLINIO_13_12_2025.pdf
2025-12-14,1.754,1.965,1.561,0.987,1.149,IMERISIO_DELTIO_PANELLINIO_14_12_2025.pdf
2025-12-15,1.752,1.960,1.557,0.988,1.146,IMERISIO_DELTIO_PANELLINIO_15_12_2025.pdf
2025-12-16,1.748,1.950,1.552,0.988,1.143,IMERISIO_DELTIO_PANELLINIO_16_12_2025.pdf
2025-12-17,1.743,1.959,1.546,0.989,1.140,IMERISIO_DELTIO_PANELLINIO_17_12_2025.pdf
2025-12-18,1.739,1.953,1.542,0.988,1.137,IMERISIO_DELTIO_PANELLINIO_18_12_2025.pdf
2025-12-19,1.735,1.946,1.537,0.989,1.134,IMERISIO_DELTIO_PANELLINIO_19_12_2025.pdf
2025-12-20,1.731,1.943,1.535,0.989,1.132,IMERISIO_DELTIO_PANELLINIO_20_12_2025.pdf
2025-12-21,1.729,1.945,1.533,0.989,1.132,IMERISIO_DELTIO_PANELLINIO_21_12_2025.pdf
2025-12-22,1.726,1.940,1.530,0.989,1.130,IMERISIO_DELTIO_PANELLINIO_22_12_2025.pdf
2025-12-23,1.724,1.933,1.528,0.989,1.129,IMERISIO_DELTIO_PANELLINIO_23_12_2025.pdf
2025-12-24,1.723,1.944,1.526,0.989,1.128,IMERISIO_DELTIO_PANELLINIO_24_12_2025.pdf
2025-12-25,1.722,1.942,1.526,0.989,1.128,IMERISIO_DELTIO_PANELLINIO_25_12_2025.pdf
2025-12-26,1.722,1.937,1.526,0.989,1.127,IMERISIO_DELTIO_PANELLINIO_26_12_2025.pdf
2025-12-27,1.720,1.937,1.524,0.989,1.126,IMERISIO_DELTIO_PANELLINIO_27_12_2025.pdf
2025-12-28,1.719,1.938,1.524,0.988,1.126,IMERISIO_DELTIO_PANELLINIO_28_12_2025.pdf
2025-12-29,1.718,1.934,1.523,0.988,1.124,IMERISIO_DELTIO_PANELLINIO_29_12_2025.pdf
2025-12-30,1.718,1.928,1.522,0.987,1.124,IMERISIO_DELTIO_PANELLINIO_30_12_2025.pdf
2025-12-31,1.717,1.941,1.521,0.987,1.123,IMERISIO_DELTIO_PANELLINIO_31_12_2025.pdf
2026-01-01,1.717,1.939,1.520,0.988,1.123,IMERISIO_DELTIO_PANELLINIO_01_01_2026.pdf
2026-01-02,1.716,1.933,1.520,0.988,1.122,IMERISIO_DELTIO_PANELLINIO_02_01_2026.pdf
2026-01-03,1.716,1.935,1.519,0.989,1.121,IMERISIO_DELTIO_PANELLINIO_03_01_2026.pdf
2026-01-04,1.715,1.936,1.121,0.988,,IMERISIO_DELTIO_PANELLINIO_04_01_2026.pdf
2026-01-05,1.714,1.933,1.518,0.989,1.121,IMERISIO_DELTIO_PANELLINIO_05_01_2026.pdf
2026-01-06,1.714,1.928,1.517,0.989,1.121,IMERISIO_DELTIO_PANELLINIO_06_01_2026.pdf
2026-01-07,1.714,1.939,1.516,0.989,1.121,IMERISIO_DELTIO_PANELLINIO_07_01_2026.pdf
2026-01-08,1.713,1.937,1.516,0.990,1.120,IMERISIO_DELTIO_PANELLINIO_08_01_2026.pdf
2026-01-09,1.712,1.931,1.516,0.991,1.119,IMERISIO_DELTIO_PANELLINIO_09_01_2026.pdf
2026-01-10,1.712,1.932,1.515,0.991,1.119,IMERISIO_DELTIO_PANELLINIO_10_01_2026.pdf
2026-01-11,1.711,1.934,1.515,0.992,1.119,IMERISIO_DELTIO_PANELLINIO_11_01_2026.pdf
2026-01-12,1.710,1.930,1.515,0.994,1.119,IMERISIO_DELTIO_PANELLINIO_12_01_2026.pdf
2026-01-13,1.710,1.924,1.513,0.995,1.119,IMERISIO_DELTIO_PANELLINIO_13_01_2026.pdf
2026-01-14,1.711,1.938,1.514,0.998,1.120,IMERISIO_DELTIO_PANELLINIO_14_01_2026.pdf
2026-01-15,1.712,1.936,1.515,1.001,1.123,IMERISIO_DELTIO_PANELLINIO_15_01_2026.pdf
2026-01-16,1.714,1.932,1.516,1.003,1.125,IMERISIO_DELTIO_PANELLINIO_16_01_2026.pdf
2026-01-17,1.716,1.935,1.519,1.004,1.128,IMERISIO_DELTIO_PANELLINIO_17_01_2026.pdf
2026-01-18,1.715,1.937,1.519,1.005,1.128,IMERISIO_DELTIO_PANELLINIO_18_01_2026.pdf
2026-01-19,1.716,1.935,1.520,1.007,1.130,IMERISIO_DELTIO_PANELLINIO_19_01_2026.pdf
2026-01-20,1.717,1.929,1.520,1.009,1.132,IMERISIO_DELTIO_PANELLINIO_20_01_2026.pdf
2026-01-21,1.720,1.945,1.522,1.011,1.133,IMERISIO_DELTIO_PANELLINIO_21_01_2026.pdf
2026-01-22,1.722,1.944,1.525,1.012,1.135,IMERISIO_DELTIO_PANELLINIO_22_01_2026.pdf
2026-01-23,1.722,1.938,1.526,1.014,1.136,IMERISIO_DELTIO_PANELLINIO_23_01_2026.pdf
2026-01-24,1.722,1.939,1.527,1.014,1.138,IMERISIO_DELTIO_PANELLINIO_24_01_2026.pdf
2026-01-25,1.722,1.941,1.528,1.015,1.138,IMERISIO_DELTIO_PANELLINIO_25_01_2026.pdf
2026-01-26,1.722,1.938,1.529,1.015,1.140,IMERISIO_DELTIO_PANELLINIO_26_01_2026.pdf
2026-01-27,1.723,1.933,1.529,1.015,1.141,IMERISIO_DELTIO_PANELLINIO_27_01_2026.pdf
2026-01-28,1.724,1.946,1.529,1.015,1.142,IMERISIO_DELTIO_PANELLINIO_28_01_2026.pdf
2026-01-29,1.724,1.945,1.530,1.015,1.142,IMERISIO_DELTIO_PANELLINIO_29_01_2026.pdf
2026-01-30,1.724,1.939,1.531,1.015,1.143,IMERISIO_DELTIO_PANELLINIO_30_01_2026.pdf
2026-01-31,1.725,1.941,1.533,1.016,1.145,IMERISIO_DELTIO_PANELLINIO_31_01_2026.pdf
2026-02-01,1.724,1.943,1.534,1.016,1.145,IMERISIO_DELTIO_PANELLINIO_01_02_2026.pdf
2026-02-02,1.725,1.940,1.536,1.017,1.147,IMERISIO_DELTIO_PANELLINIO_02_02_2026.pdf
2026-02-03,1.726,1.935,1.537,1.017,1.149,IMERISIO_DELTIO_PANELLINIO_03_02_2026.pdf
2026-02-04,1.728,1.950,1.540,1.018,1.151,IMERISIO_DELTIO_PANELLINIO_04_02_2026.pdf
2026-02-05,1.730,1.949,1.542,1.019,1.152,IMERISIO_DELTIO_PANELLINIO_05_02_2026.pdf
2026-02-06,1.730,1.944,1.543,1.021,1.152,IMERISIO_DELTIO_PANELLINIO_06_02_2026.pdf
2026-02-07,1.730,1.945,1.544,1.023,1.153,IMERISIO_DELTIO_PANELLINIO_07_02_2026.pdf
2026-02-08,1.729,1.947,1.544,1.024,1.153,IMERISIO_DELTIO_PANELLINIO_08_02_2026.pdf
2026-02-09,1.729,1.944,1.544,1.026,1.153,IMERISIO_DELTIO_PANELLINIO_09_02_2026.pdf
2026-02-10,1.731,1.938,1.544,1.028,1.154,IMERISIO_DELTIO_PANELLINIO_10_02_2026.pdf
2026-02-11,1.732,1.952,1.545,1.031,1.155,IMERISIO_DELTIO_PANELLINIO_11_02_2026.pdf
2026-02-12,1.733,1.951,1.546,1.033,1.155,IMERISIO_DELTIO_PANELLINIO_12_02_2026.pdf
2026-02-13,1.735,1.946,1.546,1.035,1.156,IMERISIO_DELTIO_PANELLINIO_13_02_2026.pdf
2026-02-14,1.734,1.947,1.547,1.036,1.156,IMERISIO_DELTIO_PANELLINIO_14_02_2026.pdf
2026-02-15,1.734,1.949,1.547,1.036,1.156,IMERISIO_DELTIO_PANELLINIO_15_02_2026.pdf
2026-02-16,1.734,1.945,1.546,1.037,1.156,IMERISIO_DELTIO_PANELLINIO_16_02_2026.pdf
2026-02-17,1.734,1.940,1.545,1.038,1.156,IMERISIO_DELTIO_PANELLINIO_17_02_2026.pdf
2026-02-18,1.734,1.953,1.545,1.039,1.156,IMERISIO_DELTIO_PANELLINIO_18_02_2026.pdf
2026-02-19,1.734,1.951,1.546,1.039,1.155,IMERISIO_DELTIO_PANELLINIO_19_02_2026.pdf
2026-02-20,1.736,1.947,1.547,1.039,1.156,IMERISIO_DELTIO_PANELLINIO_20_02_2026.pdf
2026-02-21,1.738,1.950,1.548,1.040,1.158,IMERISIO_DELTIO_PANELLINIO_21_02_2026.pdf
2026-02-22,1.737,1.951,1.548,1.040,1.159,IMERISIO_DELTIO_PANELLINIO_22_02_2026.pdf
2026-02-23,1.738,1.949,1.548,1.039,1.159,IMERISIO_DELTIO_PANELLINIO_23_02_2026.pdf
2026-02-24,1.742,1.946,1.553,1.041,1.167,IMERISIO_DELTIO_PANELLINIO_24_02_2026.pdf
2026-02-25,1.747,1.962,1.557,1.043,1.173,IMERISIO_DELTIO_PANELLINIO_25_02_2026.pdf
2026-02-26,1.749,1.961,1.561,1.044,1.176,IMERISIO_DELTIO_PANELLINIO_26_02_2026.pdf
2026-02-27,1.751,1.956,1.565,1.045,1.179,IMERISIO_DELTIO_PANELLINIO_27_02_2026.pdf
2026-02-28,1.752,1.959,1.568,1.047,1.181,IMERISIO_DELTIO_PANELLINIO_28_02_2026.pdf
2026-03-01,1.754,1.962,1.570,1.048,1.182,IMERISIO_DELTIO_PANELLINIO_01_03_2026.pdf
2026-03-02,1.757,1.962,1.574,1.050,1.189,IMERISIO_DELTIO_PANELLINIO_02_03_2026.pdf
2026-03-03,1.765,1.962,1.588,1.056,1.208,IMERISIO_DELTIO_PANELLINIO_03_03_2026.pdf
2026-03-04,1.777,1.985,1.619,1.068,1.246,IMERISIO_DELTIO_PANELLINIO_04_03_2026.pdf
2026-03-05,1.788,1.997,1.657,1.081,1.283,IMERISIO_DELTIO_PANELLINIO_05_03_2026.pdf
2026-03-06,1.807,2.008,1.713,1.100,1.328,IMERISIO_DELTIO_PANELLINIO_06_03_2026.pdf
2026-03-07,1.829,2.027,1.762,1.116,1.361,IMERISIO_DELTIO_PANELLINIO_07_03_2026.pdf
2026-03-08,1.832,2.032,1.772,1.120,1.366,IMERISIO_DELTIO_PANELLINIO_08_03_2026.pdf
2026-03-09,1.852,2.045,1.814,1.135,1.396,IMERISIO_DELTIO_PANELLINIO_09_03_2026.pdf
2026-03-10,1.869,2.053,1.843,1.149,1.420,IMERISIO_DELTIO_PANELLINIO_10_03_2026.pdf
2026-03-11,1.879,2.073,1.859,1.162,1.430,IMERISIO_DELTIO_PANELLINIO_11_03_2026.pdf
2026-03-12,1.884,2.083,1.865,1.174,1.436,IMERISIO_DELTIO_PANELLINIO_12_03_2026.pdf
2026-03-13,1.900,2.090,1.880,1.191,1.448,IMERISIO_DELTIO_PANELLINIO_13_03_2026.pdf
2026-03-14,1.912,2.103,1.890,1.203,1.457,IMERISIO_DELTIO_PANELLINIO_14_03_2026.pdf
2026-03-15,1.913,2.107,1.892,1.206,1.458,IMERISIO_DELTIO_PANELLINIO_15_03_2026.pdf
2026-03-16,1.924,2.115,1.902,1.218,1.470,IMERISIO_DELTIO_PANELLINIO_16_03_2026.pdf
